,room_id,unit_type_name,property_design,property_type,number_of_bookings,bedroom,bathroom,beds,capacity,ac,balcony,beachfront,breakfast,building_staff,cable_tv,essentials,garden,gym,hair_dryer,hanger,heating,hot_water,kitchen,linens,lock,luggage_drop_off,parking,pool,private_entrance,shampoo,tv,washer,wifi,workspace,lat,lng,distance_to_coastline,area_distance_to_airport,property_bedrooms,average_baseline_price,area_name,total_fas,ratio_bedroom_bathroom,ratio_bedroom_cap,avg_price_distance_to_coast,avg_price_distance_to_airport,avg_price_bedroom,avg_price_beds,avg_price_bathroom,avg_price_total_fas
0,378260.0,Downstairs Room 2A,0.0,4.0,54,1.0,1.0,1.0,2.0,1.0,1.0,0.0,1.0,0.0,0.0,1.0,1.0,0.0,0.0,1.0,0.0,1.0,1.0,1.0,1.0,1.0,1.0,0.0,1.0,0.0,1.0,0.0,1.0,1.0,-7.802683,110.360967,14402.1,57.25190839694657,6.0,375783.2774537036,Ngupasan,16.0,1.0,2.0,26.09225581364548,6563.681246191355,375783.2774537036,375783.2774537036,375783.2774537036,23486.454840856477
1,378261.0,Entire,0.0,1.0,12,3.0,2.0,3.0,7.0,1.0,1.0,0.0,0.0,0.0,0.0,1.0,1.0,0.0,0.0,1.0,0.0,1.0,1.0,1.0,0.0,0.0,1.0,0.0,1.0,0.0,1.0,1.0,0.0,1.0,-7.8317661,110.3806358,2259.288483838384,30.0,3.0,994590.5536805555,Yogyakarta,13.0,1.5,2.333333333333333,440.22291123744014,33153.018456018515,331530.1845601852,331530.1845601852,497295.2768402778,76506.96566773504
2,378266.0,Upstairs Room 3B,0.0,4.0,87,1.0,1.0,1.0,2.0,1.0,1.0,0.0,1.0,1.0,0.0,1.0,1.0,0.0,0.0,1.0,0.0,1.0,1.0,1.0,0.0,1.0,1.0,0.0,0.0,1.0,1.0,0.0,1.0,1.0,-7.802683,110.360967,14402.1,57.25190839694657,6.0,342269.6909770114,Ngupasan,16.0,1.0,2.0,23.765262772582567,5978.310602398466,342269.6909770114,342269.6909770114,342269.6909770114,21391.85568606321
3,378267.0,Upstairs Room 3A,0.0,4.0,49,1.0,1.0,1.0,3.0,1.0,1.0,0.0,1.0,0.0,0.0,1.0,1.0,0.0,0.0,1.0,0.0,0.0,1.0,1.0,0.0,1.0,1.0,0.0,0.0,1.0,1.0,1.0,1.0,1.0,-7.802683,110.360967,14402.1,57.25190839694657,6.0,404418.7471550048,Ngupasan,15.0,1.0,3.0,28.08054014032709,7063.847450307417,404418.7471550048,404418.7471550048,404418.7471550048,26961.24981033365
4,378267.0,Upstairs Room 3A,0.0,4.0,49,1.0,1.0,1.0,3.0,1.0,1.0,0.0,1.0,0.0,0.0,1.0,1.0,0.0,0.0,1.0,0.0,1.0,1.0,1.0,1.0,1.0,1.0,0.0,1.0,1.0,1.0,0.0,1.0,1.0,-7.802683,110.360967,14402.1,57.25190839694657,6.0,404418.7471550048,Ngupasan,17.0,1.0,3.0,28.08054014032709,7063.847450307417,404418.7471550048,404418.7471550048,404418.7471550048,23789.33806794146
5,378268.0,Downstairs Room 2B,0.0,4.0,57,1.0,1.0,1.0,3.0,1.0,1.0,0.0,1.0,0.0,0.0,1.0,1.0,0.0,0.0,1.0,0.0,1.0,1.0,1.0,0.0,1.0,1.0,0.0,0.0,1.0,1.0,0.0,1.0,1.0,-7.802683,110.360967,14402.1,57.25190839694657,6.0,383891.6361988304,Ngupasan,15.0,1.0,3.0,26.65525417812891,6705.307245606237,383891.6361988304,383891.6361988304,383891.6361988304,25592.775746588693
6,378269.0,Upstairs Room 3A,0.0,4.0,4,1.0,1.0,1.0,3.0,1.0,1.0,0.0,1.0,0.0,0.0,1.0,1.0,0.0,0.0,1.0,0.0,0.0,1.0,1.0,0.0,1.0,1.0,0.0,0.0,1.0,1.0,1.0,1.0,1.0,-7.802683,110.360967,14402.1,57.25190839694657,6.0,650873.75,Ngupasan,15.0,1.0,3.0,45.1929753299866,11368.594833333333,650873.75,650873.75,650873.75,43391.583333333336
7,378269.0,Upstairs Room 3A,0.0,4.0,4,1.0,1.0,1.0,3.0,1.0,1.0,0.0,1.0,0.0,0.0,1.0,1.0,0.0,0.0,1.0,0.0,1.0,1.0,1.0,1.0,1.0,1.0,0.0,1.0,1.0,1.0,0.0,1.0,1.0,-7.802683,110.360967,14402.1,57.25190839694657,6.0,650873.75,Ngupasan,17.0,1.0,3.0,45.1929753299866,11368.594833333333,650873.75,650873.75,650873.75,38286.69117647059
8,381223.0,Apartment Merapi View,4.0,3.0,10,1.0,1.0,1.0,3.0,1.0,0.0,0.0,0.0,0.0,0.0,1.0,0.0,1.0,1.0,1.0,0.0,1.0,0.0,0.0,1.0,0.0,0.0,1.0,0.0,1.0,1.0,0.0,1.0,0.0,-7.7584523,110.3804561,2259.288483838384,30.0,5.0,589353.6925357142,Yogyakarta,11.0,1.0,3.0,260.8580961446945,19645.12308452381,589353.6925357142,589353.6925357142,589353.6925357142,53577.60841233766
9,381228.0,Entire,4.0,1.0,20,3.0,3.0,3.0,4.0,1.0,1.0,0.0,1.0,0.0,1.0,1.0,1.0,0.0,1.0,1.0,0.0,1.0,1.0,0.0,0.0,1.0,1.0,1.0,1.0,1.0,1.0,0.0,1.0,1.0,-7.7287222,110.3845639,2259.288483838384,57.25190839694657,3.0,3042383.260583333,Sinduharjo,18.0,1.0,1.3333333333333333,1346.6112372752516,53140.29428485555,1014127.7535277776,1014127.7535277776,1014127.7535277776,169021.29225462963
10,381229.0,Upstairs Room 3B,0.0,4.0,4,1.0,1.0,1.0,2.0,1.0,1.0,0.0,1.0,1.0,0.0,1.0,1.0,0.0,0.0,1.0,0.0,1.0,1.0,1.0,0.0,1.0,1.0,0.0,0.0,1.0,1.0,0.0,1.0,1.0,-7.802683,110.360967,14402.1,57.25190839694657,6.0,1250221.37,Ngupasan,16.0,1.0,2.0,86.80826893300284,21837.199929333336,1250221.37,1250221.37,1250221.37,78138.835625
11,387364.0,Entire,4.0,4.0,48,2.0,2.0,2.0,8.0,1.0,1.0,0.0,1.0,0.0,0.0,1.0,0.0,0.0,0.0,1.0,0.0,1.0,1.0,0.0,0.0,1.0,1.0,0.0,0.0,1.0,1.0,0.0,1.0,1.0,-7.770902,110.4285759,2259.288483838384,57.25190839694657,2.0,1058097.770520833,Maguwoharjo,13.0,1.0,4.0,468.3322993454975,18481.44105843055,529048.8852604165,529048.8852604165,529048.8852604165,81392.13619391024
12,391676.0,Bungalow,2.0,4.0,8,1.0,1.0,1.0,2.0,1.0,0.0,0.0,1.0,0.0,0.0,1.0,0.0,0.0,0.0,1.0,0.0,1.0,0.0,0.0,1.0,0.0,1.0,0.0,0.0,0.0,0.0,0.0,1.0,0.0,-8.675,115.5445613,2259.288483838384,60.0,5.0,340512.095,Nusa Penida,8.0,1.0,2.0,150.7165186897656,5675.201583333333,340512.095,340512.095,340512.095,42564.011875
13,391680.0,Room,1.0,4.0,346,1.0,1.0,1.0,2.0,1.0,1.0,0.0,1.0,0.0,0.0,1.0,1.0,0.0,0.0,1.0,0.0,1.0,0.0,0.0,1.0,0.0,1.0,0.0,1.0,1.0,0.0,0.0,1.0,0.0,-8.675762,115.56743,121.038,60.0,5.0,330666.71176396904,Nusa Penida,12.0,1.0,2.0,2731.9247820020905,5511.111862732817,330666.71176396904,330666.71176396904,330666.71176396904,27555.559313664085
14,393186.0,Studio,3.0,4.0,170,2.0,1.0,2.0,4.0,1.0,0.0,1.0,1.0,0.0,0.0,1.0,0.0,0.0,0.0,1.0,0.0,0.0,0.0,0.0,1.0,0.0,1.0,0.0,1.0,1.0,1.0,0.0,1.0,1.0,-8.688048,115.579662,45.9017,60.0,3.0,398570.20197254897,Nusa Penida,12.0,2.0,2.0,8683.125068843834,6642.836699542483,199285.10098627448,199285.10098627448,398570.20197254897,33214.183497712416
15,393187.0,Bungalow,2.0,4.0,103,1.0,1.0,1.0,2.0,1.0,0.0,0.0,1.0,0.0,0.0,1.0,0.0,0.0,0.0,1.0,0.0,1.0,0.0,1.0,1.0,1.0,1.0,0.0,0.0,1.0,1.0,0.0,1.0,1.0,-8.675,115.5445613,2259.288483838384,60.0,5.0,630112.2369255663,Nusa Penida,13.0,1.0,2.0,278.89852997216485,10501.870615426104,630112.2369255663,630112.2369255663,630112.2369255663,48470.17207119741
16,393188.0,Room,1.0,4.0,80,1.0,1.0,1.0,2.0,1.0,0.0,0.0,1.0,0.0,0.0,1.0,0.0,0.0,0.0,1.0,0.0,0.0,0.0,0.0,1.0,0.0,1.0,0.0,1.0,1.0,0.0,0.0,1.0,1.0,-8.675762,115.56743,121.038,60.0,5.0,1441124.34546875,Nusa Penida,10.0,1.0,2.0,11906.37936407368,24018.73909114583,1441124.34546875,1441124.34546875,1441124.34546875,144112.434546875
17,393193.0,Room,1.0,4.0,200,1.0,1.0,1.0,2.0,1.0,0.0,0.0,1.0,0.0,0.0,1.0,0.0,0.0,0.0,1.0,0.0,0.0,0.0,0.0,1.0,0.0,1.0,0.0,1.0,1.0,1.0,0.0,1.0,1.0,-8.688812,115.488442,596.384,60.0,4.0,253792.6261533333,Nusa Penida,11.0,1.0,2.0,425.55237255414846,4229.877102555555,253792.6261533333,253792.6261533333,253792.6261533333,23072.056923030297
18,393194.0,Bungalow (Allocation),3.0,4.0,266,1.0,1.0,1.0,2.0,1.0,1.0,1.0,1.0,0.0,0.0,1.0,0.0,0.0,1.0,1.0,0.0,1.0,0.0,0.0,1.0,0.0,1.0,0.0,1.0,1.0,1.0,0.0,1.0,0.0,-8.67666,115.514889,26.7774,60.0,4.0,710701.6101267454,Nusa Penida,14.0,1.0,2.0,26541.098468363078,11845.026835445757,710701.6101267454,710701.6101267454,710701.6101267454,50764.40072333896
19,393195.0,Room,1.0,4.0,51,1.0,1.0,1.0,2.0,1.0,0.0,0.0,1.0,0.0,0.0,1.0,0.0,0.0,0.0,1.0,0.0,0.0,0.0,1.0,1.0,1.0,0.0,0.0,0.0,0.0,0.0,0.0,1.0,0.0,-8.6768119,115.566473,2259.288483838384,60.0,5.0,308858.7075816993,Nusa Penida,8.0,1.0,2.0,136.70618417749313,5147.645126361656,308858.7075816993,308858.7075816993,308858.7075816993,38607.33844771241
20,393196.0,Bungalow,3.0,4.0,237,1.0,1.0,1.0,2.0,1.0,0.0,1.0,1.0,0.0,0.0,1.0,0.0,0.0,0.0,1.0,0.0,0.0,0.0,0.0,1.0,0.0,1.0,0.0,1.0,1.0,1.0,0.0,1.0,0.0,-8.6965183,115.5792547,2259.288483838384,60.0,3.0,433400.2814935626,Nusa Penida,11.0,1.0,2.0,191.83043006408985,7223.338024892711,433400.2814935626,433400.2814935626,433400.2814935626,39400.02559032387
21,393198.0,Bungalow Double,1.0,4.0,161,1.0,1.0,1.0,2.0,1.0,0.0,0.0,1.0,0.0,0.0,1.0,0.0,0.0,0.0,1.0,0.0,1.0,0.0,0.0,1.0,0.0,1.0,0.0,1.0,0.0,0.0,0.0,1.0,1.0,-8.6788807,115.4900163,2259.288483838384,60.0,8.0,349953.8420548654,Nusa Penida,10.0,1.0,2.0,154.8955985737229,5832.564034247756,349953.8420548654,349953.8420548654,349953.8420548654,34995.38420548654
22,393201.0,Bungalow Twin,1.0,4.0,87,1.0,1.0,1.0,2.0,1.0,0.0,0.0,1.0,0.0,0.0,1.0,0.0,0.0,0.0,1.0,1.0,1.0,0.0,0.0,1.0,0.0,1.0,0.0,1.0,0.0,0.0,0.0,1.0,1.0,-8.6788807,115.4900163,2259.288483838384,60.0,8.0,316348.69917624514,Nusa Penida,11.0,1.0,2.0,140.0213834750263,5272.478319604085,316348.69917624514,316348.69917624514,316348.69917624514,28758.97265238592
23,393202.0,Bungalow Double,1.0,4.0,8,1.0,1.0,1.0,2.0,1.0,0.0,0.0,1.0,0.0,0.0,1.0,0.0,0.0,0.0,1.0,0.0,1.0,0.0,0.0,1.0,0.0,1.0,0.0,1.0,0.0,0.0,0.0,1.0,1.0,-8.6788807,115.4900163,2259.288483838384,60.0,8.0,890172.625,Nusa Penida,10.0,1.0,2.0,394.0057373672152,14836.210416666669,890172.625,890172.625,890172.625,89017.2625
24,393203.0,Standard Double,1.0,4.0,93,1.0,1.0,1.0,2.0,1.0,0.0,0.0,1.0,0.0,0.0,1.0,0.0,0.0,0.0,1.0,0.0,1.0,0.0,0.0,1.0,0.0,1.0,0.0,1.0,0.0,0.0,0.0,1.0,1.0,-8.6788807,115.4900163,2259.288483838384,60.0,8.0,294266.7578494623,Nusa Penida,10.0,1.0,2.0,130.24753587444584,4904.445964157704,294266.7578494623,294266.7578494623,294266.7578494623,29426.675784946223
25,393204.0,Standard Twin,1.0,4.0,73,1.0,1.0,1.0,2.0,1.0,0.0,0.0,1.0,0.0,0.0,1.0,0.0,0.0,0.0,1.0,1.0,1.0,0.0,0.0,1.0,0.0,1.0,0.0,1.0,0.0,0.0,0.0,1.0,1.0,-8.6788807,115.4900163,2259.288483838384,60.0,8.0,320368.30176255706,Nusa Penida,11.0,1.0,2.0,141.80052881882185,5339.471696042618,320368.30176255706,320368.30176255706,320368.30176255706,29124.39106932337
26,393205.0,Bungalow Double,1.0,4.0,79,1.0,1.0,1.0,2.0,1.0,0.0,0.0,1.0,0.0,0.0,1.0,0.0,0.0,0.0,1.0,0.0,1.0,0.0,0.0,1.0,0.0,1.0,0.0,1.0,0.0,0.0,0.0,1.0,1.0,-8.6788807,115.4900163,2259.288483838384,60.0,8.0,526531.4810126582,Nusa Penida,10.0,1.0,2.0,233.0519031895013,8775.524683544303,526531.4810126582,526531.4810126582,526531.4810126582,52653.14810126582
27,393206.0,Bungalow Double,1.0,4.0,57,1.0,1.0,1.0,2.0,1.0,0.0,0.0,1.0,0.0,0.0,1.0,0.0,0.0,0.0,1.0,0.0,1.0,0.0,0.0,1.0,0.0,1.0,0.0,1.0,0.0,0.0,0.0,1.0,1.0,-8.6788807,115.4900163,2259.288483838384,60.0,8.0,843433.9060087719,Nusa Penida,10.0,1.0,2.0,373.3183752505269,14057.231766812863,843433.9060087719,843433.9060087719,843433.9060087719,84343.39060087719
28,393207.0,Standard Double,1.0,4.0,237,1.0,1.0,1.0,2.0,1.0,0.0,1.0,1.0,0.0,0.0,1.0,0.0,0.0,0.0,1.0,0.0,0.0,0.0,0.0,1.0,0.0,1.0,0.0,1.0,1.0,1.0,0.0,1.0,1.0,-8.709399,115.586846,65.8603,60.0,4.0,308696.7022151898,Nusa Penida,12.0,1.0,2.0,4687.143882053222,5144.94503691983,308696.7022151898,308696.7022151898,308696.7022151898,25724.725184599152
29,393208.0,Standard Twin,1.0,4.0,192,1.0,1.0,1.0,2.0,1.0,1.0,0.0,1.0,0.0,0.0,1.0,0.0,0.0,0.0,1.0,0.0,0.0,0.0,1.0,1.0,0.0,1.0,0.0,1.0,1.0,0.0,0.0,1.0,1.0,-8.709399,115.586846,65.8603,60.0,4.0,1316866.7343402775,Nusa Penida,12.0,1.0,2.0,19994.848707647518,21947.77890567129,1316866.7343402775,1316866.7343402775,1316866.7343402775,109738.89452835644
30,393209.0,Superior Double,1.0,4.0,207,1.0,1.0,1.0,2.0,1.0,1.0,1.0,1.0,0.0,0.0,1.0,0.0,0.0,0.0,1.0,0.0,1.0,0.0,0.0,1.0,0.0,1.0,0.0,1.0,1.0,1.0,0.0,1.0,1.0,-8.709399,115.586846,65.8603,60.0,4.0,337537.7606418219,Nusa Penida,14.0,1.0,2.0,5125.056530896791,5625.629344030365,337537.7606418219,337537.7606418219,337537.7606418219,24109.84004584442
31,393264.0,Standard Twin,1.0,4.0,3,1.0,1.0,1.0,2.0,1.0,1.0,0.0,1.0,0.0,0.0,1.0,0.0,0.0,0.0,1.0,0.0,0.0,0.0,1.0,1.0,0.0,1.0,0.0,1.0,1.0,0.0,0.0,1.0,1.0,-8.709399,115.586846,65.8603,60.0,4.0,289232.952222222,Nusa Penida,12.0,1.0,2.0,4391.613038844676,4820.5492037037,289232.952222222,289232.952222222,289232.952222222,24102.7460185185
32,393265.0,Superior Twin,1.0,4.0,1,1.0,1.0,1.0,2.0,1.0,1.0,0.0,1.0,0.0,0.0,1.0,0.0,0.0,0.0,1.0,0.0,1.0,0.0,0.0,1.0,0.0,1.0,0.0,1.0,1.0,1.0,0.0,1.0,1.0,-8.709399,115.586846,65.8603,60.0,4.0,290058.5,Nusa Penida,13.0,1.0,2.0,4404.147870568461,4834.308333333333,290058.5,290058.5,290058.5,22312.19230769231
33,394908.0,Standard,0.0,4.0,338,1.0,3.0,1.0,2.0,0.0,1.0,1.0,0.0,0.0,0.0,1.0,0.0,0.0,0.0,1.0,0.0,0.0,0.0,1.0,1.0,1.0,0.0,0.0,1.0,1.0,0.0,0.0,1.0,1.0,-8.805646,115.113378,15.6035,45.0,7.0,762403.5755068928,Bingin,11.0,0.3333333333333333,2.0,48861.06165327604,16942.30167793095,762403.5755068928,762403.5755068928,254134.52516896423,69309.41595517207
34,394913.0,Downstairs Non Hot Water,0.0,4.0,278,1.0,1.0,1.0,2.0,1.0,1.0,1.0,0.0,0.0,0.0,1.0,1.0,0.0,0.0,1.0,0.0,0.0,0.0,1.0,1.0,1.0,1.0,1.0,1.0,0.0,0.0,0.0,1.0,1.0,-8.8063269,115.11306,48.2584,45.0,13.0,1274882.4974591583,Bingin,14.0,1.0,2.0,26417.836013194767,28330.722165759074,1274882.4974591583,1274882.4974591583,1274882.4974591583,91063.03553279702
35,394914.0,Upstairs Hot Water,0.0,4.0,315,1.0,1.0,1.0,2.0,1.0,1.0,0.0,0.0,0.0,0.0,1.0,1.0,0.0,0.0,1.0,0.0,0.0,0.0,1.0,1.0,1.0,1.0,1.0,1.0,0.0,0.0,0.0,1.0,1.0,-8.8063269,115.11306,48.2584,45.0,13.0,1325330.5681550424,Bingin,13.0,1.0,2.0,27463.209889988942,29451.790403445382,1325330.5681550424,1325330.5681550424,1325330.5681550424,101948.50524269557
36,394915.0,Downstairs Hot Water,0.0,4.0,10,1.0,1.0,1.0,2.0,1.0,1.0,0.0,0.0,0.0,0.0,1.0,1.0,0.0,0.0,1.0,0.0,0.0,0.0,1.0,1.0,1.0,0.0,1.0,1.0,0.0,0.0,0.0,1.0,1.0,-8.8063269,115.11306,48.2584,45.0,13.0,1611156.9466666663,Bingin,12.0,1.0,2.0,33386.04153197508,35803.48770370369,1611156.9466666663,1611156.9466666663,1611156.9466666663,134263.07888888885
37,395715.0,Room,1.0,4.0,286,1.0,1.0,1.0,2.0,1.0,0.0,0.0,1.0,0.0,0.0,1.0,0.0,0.0,0.0,1.0,0.0,1.0,0.0,0.0,1.0,0.0,1.0,0.0,1.0,1.0,0.0,0.0,1.0,1.0,-8.688812,115.488442,596.384,60.0,4.0,713838.1671070595,Nusa Penida,11.0,1.0,2.0,1196.9438601757583,11897.302785117658,713838.1671070595,713838.1671070595,713838.1671070595,64894.3788279145
38,395971.0,Bingin Ombak Apartment - 1 Lantai 1,0.0,4.0,32,1.0,1.0,1.0,2.0,1.0,1.0,1.0,0.0,0.0,0.0,1.0,0.0,0.0,0.0,1.0,0.0,1.0,0.0,1.0,1.0,1.0,0.0,0.0,1.0,1.0,0.0,0.0,1.0,1.0,-8.805646,115.113378,15.6035,45.0,7.0,1082806.3164583333,Bingin,13.0,1.0,2.0,69395.09189978744,24062.36258796296,1082806.3164583333,1082806.3164583333,1082806.3164583333,83292.79357371795
39,395989.0,Villa Arindra,0.0,4.0,259,1.0,1.0,1.0,3.0,1.0,1.0,0.0,1.0,0.0,0.0,1.0,0.0,0.0,1.0,1.0,0.0,1.0,1.0,1.0,0.0,1.0,1.0,1.0,0.0,1.0,1.0,0.0,1.0,1.0,-8.797821,115.149441,1935.58,30.0,4.0,449585.0246904928,Jimbaran,16.0,1.0,3.0,232.274059811784,14986.167489683092,449585.0246904928,449585.0246904928,449585.0246904928,28099.0640431558
40,395990.0,Entire,4.0,2.0,147,2.0,3.0,2.0,4.0,1.0,1.0,0.0,1.0,0.0,0.0,1.0,0.0,0.0,1.0,1.0,0.0,0.0,1.0,0.0,0.0,0.0,1.0,1.0,1.0,0.0,1.0,0.0,1.0,1.0,-8.837896,115.151689,1033.16,45.0,2.0,1511993.339735799,Ungasan,13.0,0.6666666666666666,2.0,1463.464845460334,33599.85199412887,755996.6698678995,755996.6698678995,503997.779911933,116307.17997967685
41,395992.0,Room,1.0,2.0,260,1.0,1.0,1.0,2.0,0.0,1.0,1.0,0.0,0.0,0.0,1.0,0.0,0.0,0.0,1.0,0.0,1.0,0.0,1.0,1.0,1.0,0.0,0.0,1.0,1.0,0.0,0.0,1.0,0.0,-8.805481,115.11358,12.9244,45.0,1.0,993361.6022406592,Bingin,11.0,1.0,2.0,76859.3979016944,22074.70227201465,993361.6022406592,993361.6022406592,993361.6022406592,90305.60020369627
42,396232.0,Deluxe Double,0.0,4.0,2,1.0,1.0,1.0,2.0,1.0,0.0,0.0,0.0,0.0,0.0,1.0,0.0,0.0,0.0,1.0,0.0,1.0,0.0,0.0,1.0,0.0,1.0,1.0,1.0,0.0,1.0,0.0,0.0,1.0,-8.822391,115.0871096,2259.288483838384,60.0,22.0,1146922.106666666,Uluwatu,10.0,1.0,2.0,507.6474805546391,19115.368444444437,1146922.106666666,1146922.106666666,1146922.106666666,114692.2106666666
43,396428.0,Standard,1.0,4.0,6,1.0,1.0,1.0,2.0,1.0,1.0,0.0,0.0,0.0,0.0,1.0,1.0,0.0,0.0,1.0,0.0,1.0,0.0,0.0,1.0,0.0,1.0,0.0,1.0,1.0,0.0,0.0,1.0,1.0,-8.835812,115.118645,1133.15,60.0,6.0,2900595.246666666,Uluwatu,12.0,1.0,2.0,2559.762826339554,48343.2541111111,2900595.246666666,2900595.246666666,2900595.246666666,241716.2705555555
44,396431.0,Entire,4.0,2.0,56,5.0,5.0,5.0,0.0,1.0,0.0,0.0,0.0,0.0,0.0,1.0,0.0,0.0,0.0,1.0,0.0,0.0,1.0,0.0,0.0,0.0,1.0,1.0,0.0,1.0,1.0,1.0,1.0,1.0,-8.824442,115.163821,2653.12,45.0,5.0,2047675.264663309,Ungasan,11.0,1.0,0.0,771.7989629806829,45503.89477029576,409535.0529326618,409535.0529326618,409535.0529326618,186152.29678757355
45,396432.0,3BR Villa 3A,4.0,2.0,92,3.0,5.0,3.0,6.0,1.0,1.0,0.0,0.0,0.0,0.0,1.0,0.0,0.0,0.0,1.0,0.0,1.0,1.0,0.0,0.0,0.0,1.0,1.0,1.0,1.0,1.0,0.0,1.0,1.0,-8.807392,115.157375,2755.41,45.0,3.0,1335800.609523033,Ungasan,13.0,0.6,2.0,484.7919581924408,29684.457989400733,445266.869841011,445266.869841011,267160.1219046066,102753.8930402333
46,396433.0,Standard Twin,0.0,4.0,75,1.0,1.0,2.0,2.0,1.0,0.0,0.0,0.0,1.0,0.0,1.0,0.0,0.0,0.0,1.0,0.0,1.0,0.0,0.0,1.0,1.0,1.0,1.0,1.0,1.0,0.0,0.0,1.0,1.0,-8.822391,115.0871096,2259.288483838384,60.0,22.0,427414.74546582,Uluwatu,13.0,1.0,2.0,189.1811287152096,7123.579091097,427414.74546582,213707.37273291,427414.74546582,32878.05734352462
47,396440.0,5BR Villa,4.0,2.0,186,5.0,5.0,5.0,0.0,1.0,1.0,0.0,0.0,0.0,0.0,1.0,1.0,0.0,1.0,1.0,0.0,1.0,1.0,1.0,0.0,1.0,1.0,1.0,1.0,1.0,1.0,0.0,1.0,1.0,-8.803833,115.1450882,2201.29,30.0,10.0,1693762.50965873,Jimbaran,17.0,1.0,0.0,769.4408776938658,56458.75032195766,338752.501931746,338752.501931746,338752.501931746,99633.0888034547
48,396441.0,5BR Villa,4.0,2.0,44,5.0,5.0,5.0,0.0,1.0,1.0,0.0,0.0,0.0,0.0,1.0,1.0,0.0,1.0,1.0,0.0,1.0,1.0,1.0,0.0,1.0,1.0,1.0,1.0,1.0,1.0,0.0,1.0,1.0,-8.803833,115.1450882,2201.29,30.0,10.0,3503368.58939394,Jimbaran,17.0,1.0,0.0,1591.5070660357972,116778.952979798,700673.717878788,700673.717878788,700673.717878788,206080.50525846705
49,396442.0,Blu Apsara,4.0,2.0,58,3.0,5.0,3.0,6.0,1.0,1.0,0.0,0.0,0.0,0.0,1.0,1.0,0.0,1.0,1.0,0.0,1.0,1.0,1.0,0.0,1.0,1.0,1.0,0.0,1.0,1.0,0.0,1.0,1.0,-8.830237,115.167079,2041.98,45.0,3.0,1725334.964849721,Ungasan,16.0,0.6,2.0,844.9323523490539,38340.77699666047,575111.654949907,575111.654949907,345066.9929699442,107833.43530310756
50,396445.0,Entire House 4BR,4.0,2.0,97,4.0,5.0,4.0,9.0,1.0,1.0,0.0,0.0,0.0,1.0,1.0,1.0,0.0,1.0,1.0,0.0,1.0,1.0,1.0,0.0,0.0,1.0,1.0,0.0,1.0,1.0,1.0,1.0,1.0,-8.810648,115.156482,3125.52,45.0,4.0,2932103.255860334,Ungasan,17.0,0.8,2.25,938.1169392166212,65157.85013022964,733025.8139650834,733025.8139650834,586420.6511720668,172476.6621094314
51,396658.0,Bingin Ombak Apartment - 2 Lantai 2,0.0,4.0,46,1.0,1.0,1.0,2.0,1.0,0.0,1.0,0.0,0.0,0.0,1.0,0.0,0.0,0.0,1.0,0.0,0.0,0.0,1.0,1.0,1.0,0.0,0.0,1.0,1.0,0.0,0.0,1.0,1.0,-8.805646,115.113378,15.6035,45.0,7.0,1283523.0629001977,Bingin,11.0,1.0,2.0,82258.663947204,28522.734731115503,1283523.0629001977,1283523.0629001977,1283523.0629001977,116683.91480910889
52,397165.0,Downstairs Hot Water,0.0,4.0,20,1.0,1.0,1.0,2.0,1.0,1.0,0.0,0.0,0.0,0.0,1.0,1.0,0.0,0.0,1.0,0.0,0.0,0.0,1.0,1.0,1.0,0.0,1.0,1.0,0.0,0.0,0.0,1.0,1.0,-8.8063269,115.11306,48.2584,45.0,13.0,1937579.0989285712,Bingin,12.0,1.0,2.0,40150.089910327966,43057.31330952381,1937579.0989285712,1937579.0989285712,1937579.0989285712,161464.92491071427
53,397667.0,Asri Village,3.0,4.0,632,1.0,1.0,1.0,2.0,1.0,1.0,0.0,0.0,0.0,0.0,1.0,1.0,0.0,0.0,1.0,0.0,1.0,1.0,0.0,1.0,1.0,1.0,1.0,0.0,1.0,0.0,0.0,1.0,1.0,-8.835766,115.123054,1163.26,60.0,6.0,635751.257197236,Uluwatu,14.0,1.0,2.0,546.5255034964117,10595.8542866206,635751.257197236,635751.257197236,635751.257197236,45410.80408551685
54,397668.0,Wooden,1.0,4.0,187,1.0,1.0,1.0,2.0,1.0,0.0,0.0,0.0,0.0,0.0,1.0,1.0,0.0,0.0,0.0,0.0,1.0,1.0,0.0,1.0,0.0,1.0,0.0,1.0,1.0,0.0,0.0,1.0,1.0,-8.835812,115.118645,1133.15,60.0,6.0,474170.2392170867,Uluwatu,11.0,1.0,2.0,418.4531961497477,7902.837320284778,474170.2392170867,474170.2392170867,474170.2392170867,43106.38538337152
55,397671.0,Despacito Loft & Lounge - 5,3.0,4.0,147,1.0,1.0,1.0,4.0,1.0,0.0,0.0,1.0,0.0,0.0,1.0,0.0,0.0,0.0,0.0,0.0,0.0,1.0,0.0,1.0,0.0,1.0,1.0,0.0,1.0,1.0,0.0,1.0,1.0,-8.81394,115.1096954,616.825,60.0,6.0,1254885.8059773245,Padang Padang,11.0,1.0,4.0,2034.427602605803,20914.76343295541,1254885.8059773245,1254885.8059773245,1254885.8059773245,114080.5278161204
56,397672.0,Despacito Loft & Lounge - 4,3.0,4.0,140,1.0,1.0,1.0,2.0,1.0,0.0,0.0,1.0,0.0,0.0,1.0,0.0,0.0,0.0,0.0,0.0,1.0,1.0,0.0,1.0,0.0,0.0,1.0,0.0,1.0,1.0,0.0,1.0,1.0,-8.81394,115.1096954,616.825,60.0,6.0,1074892.0056167748,Padang Padang,11.0,1.0,2.0,1742.620687580391,17914.86676027958,1074892.0056167748,1074892.0056167748,1074892.0056167748,97717.45505607044
57,397673.0,Despacito Loft & Lounge - 3,3.0,4.0,160,1.0,1.0,1.0,2.0,1.0,0.0,0.0,1.0,0.0,0.0,1.0,0.0,0.0,0.0,0.0,0.0,1.0,1.0,0.0,1.0,0.0,0.0,1.0,0.0,1.0,1.0,0.0,1.0,1.0,-8.81394,115.1096954,616.825,60.0,6.0,1072624.6954441962,Padang Padang,11.0,1.0,2.0,1738.94491216179,17877.07825740327,1072624.6954441962,1072624.6954441962,1072624.6954441962,97511.33594947238
58,397674.0,Downstairs/Upstairs,1.0,4.0,532,1.0,1.0,1.0,2.0,1.0,1.0,0.0,0.0,0.0,0.0,1.0,0.0,0.0,1.0,0.0,0.0,1.0,1.0,0.0,1.0,1.0,1.0,1.0,0.0,1.0,0.0,0.0,1.0,0.0,-8.650003,115.133906,1055.57,60.0,7.0,318588.9078404388,Canggu,12.0,1.0,2.0,301.81694045912525,5309.81513067398,318588.9078404388,318588.9078404388,318588.9078404388,26549.075653369902
59,397675.0,Standard,1.0,4.0,396,1.0,1.0,1.0,2.0,1.0,0.0,0.0,0.0,0.0,0.0,1.0,0.0,0.0,0.0,1.0,0.0,0.0,1.0,0.0,1.0,1.0,1.0,0.0,1.0,0.0,0.0,0.0,1.0,1.0,-8.836065,115.11936,1098.55,60.0,2.0,510951.88016170304,Uluwatu,10.0,1.0,2.0,465.114815130584,8515.864669361717,510951.88016170304,510951.88016170304,510951.88016170304,51095.1880161703
60,397677.0,Kencana Homestay,1.0,4.0,280,1.0,1.0,1.0,2.0,1.0,1.0,0.0,0.0,0.0,0.0,1.0,0.0,0.0,0.0,1.0,0.0,1.0,1.0,0.0,1.0,1.0,1.0,1.0,0.0,1.0,0.0,0.0,1.0,0.0,-8.649104,115.13234,1030.11,60.0,7.0,402296.501577549,Canggu,12.0,1.0,2.0,390.5374198654018,6704.94169295915,402296.501577549,402296.501577549,402296.501577549,33524.708464795745
61,397679.0,Double,1.0,4.0,364,1.0,1.0,1.0,2.0,1.0,0.0,0.0,0.0,0.0,0.0,1.0,0.0,0.0,1.0,1.0,0.0,1.0,1.0,0.0,1.0,0.0,1.0,1.0,0.0,1.0,0.0,0.0,1.0,1.0,-8.652609,115.13751,1093.22,60.0,10.0,446864.9983397765,Canggu,12.0,1.0,2.0,408.7603577868832,7447.749972329608,446864.9983397765,446864.9983397765,446864.9983397765,37238.74986164804
62,397680.0,Twin,1.0,4.0,107,1.0,1.0,1.0,2.0,1.0,1.0,0.0,0.0,0.0,0.0,1.0,0.0,0.0,1.0,0.0,0.0,0.0,0.0,0.0,1.0,1.0,1.0,1.0,0.0,1.0,0.0,0.0,1.0,1.0,-8.652609,115.13751,1093.22,60.0,10.0,407041.8981807231,Canggu,11.0,1.0,2.0,372.33301456314655,6784.031636345385,407041.8981807231,407041.8981807231,407041.8981807231,37003.80892552028
63,397682.0,Standard,1.0,4.0,15,1.0,1.0,1.0,2.0,1.0,0.0,0.0,0.0,0.0,0.0,1.0,0.0,0.0,0.0,1.0,0.0,0.0,1.0,0.0,1.0,0.0,1.0,0.0,0.0,1.0,0.0,0.0,1.0,1.0,-8.6385989,115.1438355,2259.288483838384,60.0,7.0,437265.8751666666,Canggu,9.0,1.0,2.0,193.5414084100408,7287.76458611111,437265.8751666666,437265.8751666666,437265.8751666666,48585.09724074073
64,397685.0,Deluxe,4.0,4.0,73,1.0,1.0,1.0,2.0,1.0,1.0,0.0,0.0,1.0,0.0,1.0,1.0,0.0,0.0,1.0,0.0,1.0,1.0,1.0,1.0,0.0,1.0,1.0,1.0,0.0,0.0,0.0,1.0,1.0,-8.6552572,115.1296974,2259.288483838384,60.0,27.0,426526.3632397181,Canggu,15.0,1.0,2.0,188.7879154392349,7108.772720661968,426526.3632397181,426526.3632397181,426526.3632397181,28435.090882647877
65,397686.0,Standard Smaller (No Pool),4.0,4.0,191,1.0,1.0,1.0,2.0,1.0,0.0,0.0,0.0,0.0,0.0,1.0,0.0,0.0,0.0,1.0,0.0,1.0,1.0,0.0,1.0,0.0,1.0,1.0,0.0,0.0,0.0,0.0,1.0,1.0,-8.6552572,115.1296974,2259.288483838384,60.0,27.0,414215.82482814265,Canggu,10.0,1.0,2.0,183.3390590848394,6903.597080469044,414215.82482814265,414215.82482814265,414215.82482814265,41421.582482814265
66,397688.0,Downstairs/Upstairs,0.0,4.0,41,1.0,1.0,1.0,2.0,1.0,0.0,0.0,0.0,0.0,0.0,1.0,0.0,0.0,0.0,1.0,0.0,0.0,1.0,0.0,1.0,0.0,1.0,1.0,0.0,0.0,1.0,0.0,1.0,1.0,-8.6488877,115.1361637,2259.288483838384,60.0,2.0,465156.23675583344,Canggu,10.0,1.0,2.0,205.8861628708713,7752.603945930557,465156.23675583344,465156.23675583344,465156.23675583344,46515.62367558335
67,397689.0,Standard,1.0,4.0,553,1.0,1.0,1.0,2.0,1.0,1.0,0.0,0.0,0.0,0.0,1.0,1.0,0.0,0.0,1.0,0.0,1.0,0.0,1.0,1.0,1.0,1.0,1.0,1.0,1.0,0.0,0.0,1.0,1.0,-8.809038,115.115846,476.861,45.0,7.0,980625.6045879652,Bingin,15.0,1.0,2.0,2056.4181272697183,21791.680101954786,980625.6045879652,980625.6045879652,980625.6045879652,65375.04030586434
68,397690.0,Double Balcony,0.0,4.0,674,1.0,1.0,1.0,2.0,1.0,1.0,0.0,0.0,1.0,0.0,1.0,1.0,0.0,0.0,1.0,0.0,1.0,0.0,1.0,0.0,1.0,1.0,1.0,0.0,1.0,0.0,0.0,1.0,1.0,-8.821746,115.089633,402.195,60.0,17.0,764002.4496912425,Uluwatu,14.0,1.0,2.0,1899.5821670862208,12733.37416152071,764002.4496912425,764002.4496912425,764002.4496912425,54571.603549374464
69,397692.0,Uluwatu Kayana Bungalows,4.0,4.0,488,1.0,1.0,1.0,2.0,1.0,0.0,0.0,1.0,0.0,0.0,1.0,0.0,1.0,0.0,1.0,0.0,0.0,0.0,0.0,1.0,1.0,1.0,1.0,0.0,1.0,1.0,0.0,1.0,0.0,-8.837085,115.100357,452.564,60.0,5.0,565718.0629698328,Uluwatu,12.0,1.0,2.0,1250.0288643591464,9428.634382830547,565718.0629698328,565718.0629698328,565718.0629698328,47143.171914152736
70,397693.0,Amazon GH,4.0,4.0,218,1.0,1.0,1.0,2.0,1.0,0.0,0.0,0.0,0.0,0.0,1.0,1.0,0.0,1.0,0.0,0.0,1.0,1.0,1.0,1.0,1.0,1.0,1.0,0.0,1.0,0.0,0.0,1.0,1.0,-8.646509,115.154492,2791.11,60.0,8.0,419222.7862762248,Canggu,14.0,1.0,2.0,150.19930646811656,6987.046437937081,419222.7862762248,419222.7862762248,419222.7862762248,29944.48473401606
71,397698.0,Standard,3.0,4.0,221,1.0,1.0,1.0,2.0,1.0,0.0,0.0,0.0,0.0,0.0,1.0,1.0,0.0,1.0,0.0,0.0,0.0,1.0,0.0,1.0,0.0,1.0,1.0,1.0,1.0,0.0,1.0,1.0,1.0,-8.8357515,115.1172562,1130.56,60.0,5.0,459039.6054424426,Uluwatu,13.0,1.0,2.0,406.0285216551467,7650.660090707376,459039.6054424426,459039.6054424426,459039.6054424426,35310.73888018789
72,397699.0,Lumbung,3.0,4.0,391,1.0,1.0,1.0,2.0,1.0,1.0,0.0,0.0,0.0,0.0,1.0,1.0,0.0,1.0,0.0,0.0,0.0,1.0,0.0,1.0,0.0,0.0,1.0,1.0,1.0,0.0,1.0,1.0,1.0,-8.8357515,115.1172562,1130.56,60.0,5.0,485426.8377994544,Uluwatu,13.0,1.0,2.0,429.36848800546136,8090.447296657573,485426.8377994544,485426.8377994544,485426.8377994544,37340.52598457342
73,397701.0,Despacito Loft & Lounge - 2,3.0,4.0,148,1.0,1.0,1.0,2.0,1.0,0.0,0.0,1.0,0.0,0.0,1.0,0.0,0.0,0.0,0.0,0.0,1.0,1.0,0.0,1.0,0.0,0.0,1.0,0.0,1.0,1.0,0.0,1.0,1.0,-8.81394,115.1096954,616.825,60.0,6.0,1060973.2883582592,Padang Padang,11.0,1.0,2.0,1720.0555884704077,17682.88813930432,1060973.2883582592,1060973.2883582592,1060973.2883582592,96452.1171234781
74,397714.0,Standard,1.0,4.0,301,1.0,1.0,1.0,2.0,1.0,1.0,0.0,0.0,0.0,0.0,1.0,1.0,0.0,0.0,0.0,0.0,1.0,0.0,0.0,1.0,0.0,1.0,0.0,1.0,1.0,1.0,0.0,1.0,1.0,-8.835812,115.118645,1133.15,60.0,6.0,499438.44218977017,Uluwatu,12.0,1.0,2.0,440.7522765651239,8323.974036496169,499438.44218977017,499438.44218977017,499438.44218977017,41619.870182480845
75,397715.0,Rumah Taman Kutuh,4.0,4.0,92,1.0,1.0,1.0,2.0,1.0,0.0,0.0,0.0,0.0,0.0,1.0,0.0,0.0,1.0,0.0,0.0,0.0,1.0,0.0,0.0,0.0,1.0,1.0,0.0,1.0,1.0,0.0,1.0,1.0,-8.4890655,115.2673239,2259.288483838384,120.0,3.0,473802.5664581224,Ubud,10.0,1.0,2.0,209.7131773332296,3948.3547204843535,473802.5664581224,473802.5664581224,473802.5664581224,47380.25664581224
76,397720.0,Twin,0.0,4.0,52,1.0,1.0,1.0,2.0,1.0,0.0,0.0,1.0,1.0,0.0,1.0,0.0,0.0,0.0,1.0,0.0,1.0,0.0,1.0,1.0,1.0,1.0,1.0,0.0,0.0,1.0,0.0,1.0,1.0,-8.821746,115.089633,402.195,60.0,17.0,1044698.7298443224,Uluwatu,14.0,1.0,2.0,2597.493081327024,17411.645497405374,1044698.7298443224,1044698.7298443224,1044698.7298443224,74621.33784602303
77,397739.0,Standard,1.0,4.0,7,1.0,1.0,1.0,2.0,1.0,1.0,0.0,0.0,0.0,0.0,1.0,1.0,0.0,0.0,1.0,0.0,1.0,0.0,1.0,1.0,1.0,1.0,1.0,1.0,1.0,0.0,0.0,1.0,1.0,-8.809038,115.115846,476.861,45.0,7.0,4815968.666666666,Bingin,15.0,1.0,2.0,10099.313356862202,107021.52592592592,4815968.666666666,4815968.666666666,4815968.666666666,321064.57777777774
78,397971.0,Double Non Allocation,0.0,4.0,3,1.0,1.0,1.0,2.0,1.0,1.0,0.0,0.0,1.0,0.0,1.0,1.0,0.0,0.0,1.0,0.0,1.0,0.0,0.0,0.0,1.0,1.0,1.0,0.0,0.0,1.0,0.0,1.0,1.0,-8.821746,115.089633,402.195,60.0,17.0,431420.0444444444,Uluwatu,13.0,1.0,2.0,1072.6638681347215,7190.334074074073,431420.0444444444,431420.0444444444,431420.0444444444,33186.15726495726
79,398335.0,Standard Double Non Allocation,0.0,4.0,3,1.0,1.0,1.0,2.0,1.0,0.0,0.0,0.0,1.0,0.0,1.0,0.0,0.0,1.0,1.0,0.0,1.0,0.0,0.0,1.0,1.0,1.0,1.0,1.0,1.0,1.0,0.0,1.0,1.0,-8.822391,115.0871096,2259.288483838384,60.0,22.0,315083.5133333333,Uluwatu,15.0,1.0,2.0,139.46139042767436,5251.391888888888,315083.5133333333,315083.5133333333,315083.5133333333,21005.567555555557
80,398513.0,Double,0.0,4.0,163,1.0,1.0,1.0,2.0,1.0,1.0,0.0,0.0,1.0,0.0,1.0,1.0,0.0,0.0,1.0,0.0,1.0,0.0,1.0,0.0,1.0,1.0,1.0,1.0,0.0,0.0,0.0,1.0,1.0,-8.6464854,115.1504805,2259.288483838384,60.0,7.0,355745.8637110751,Canggu,14.0,1.0,2.0,157.45924712840835,5929.097728517919,355745.8637110751,355745.8637110751,355745.8637110751,25410.418836505363
81,398514.0,Double,0.0,4.0,24,1.0,1.0,1.0,2.0,1.0,1.0,0.0,0.0,1.0,0.0,1.0,1.0,0.0,0.0,1.0,0.0,1.0,0.0,1.0,0.0,1.0,1.0,1.0,1.0,0.0,0.0,0.0,1.0,1.0,-8.6464854,115.1504805,2259.288483838384,60.0,7.0,688961.3955092592,Canggu,14.0,1.0,2.0,304.9461812591364,11482.68992515432,688961.3955092592,688961.3955092592,688961.3955092592,49211.52825066137
82,398519.0,Guesthouse,3.0,4.0,585,1.0,1.0,1.0,2.0,1.0,0.0,0.0,1.0,1.0,0.0,1.0,0.0,0.0,1.0,1.0,0.0,0.0,0.0,0.0,1.0,0.0,1.0,1.0,1.0,1.0,1.0,0.0,1.0,1.0,-8.8284397,115.0879669,307.225,60.0,4.0,1046011.1694911272,Uluwatu,14.0,1.0,2.0,3404.7071999060204,17433.519491518786,1046011.1694911272,1046011.1694911272,1046011.1694911272,74715.08353508051
83,398520.0,1BR,0.0,2.0,353,1.0,1.0,1.0,2.0,1.0,1.0,0.0,0.0,0.0,0.0,1.0,1.0,0.0,0.0,1.0,0.0,1.0,1.0,1.0,0.0,1.0,1.0,1.0,1.0,1.0,1.0,0.0,1.0,1.0,-8.652147,115.132308,761.362,60.0,6.0,903529.7427067658,Canggu,16.0,1.0,2.0,1186.7281827918464,15058.829045112763,903529.7427067658,903529.7427067658,903529.7427067658,56470.60891917286
84,398521.0,Deluxe,1.0,4.0,6,1.0,1.0,1.0,2.0,1.0,0.0,0.0,0.0,0.0,0.0,1.0,0.0,0.0,0.0,1.0,0.0,0.0,1.0,0.0,0.0,0.0,1.0,0.0,0.0,1.0,0.0,0.0,1.0,1.0,-8.6385989,115.1438355,2259.288483838384,60.0,7.0,449808.43833333335,Canggu,8.0,1.0,2.0,199.09296291774928,7496.807305555556,449808.43833333335,449808.43833333335,449808.43833333335,56226.05479166667
85,398522.0,Bunk Bed,4.0,4.0,76,1.0,1.0,1.0,2.0,1.0,1.0,0.0,0.0,1.0,0.0,1.0,1.0,0.0,0.0,1.0,0.0,0.0,1.0,0.0,1.0,0.0,1.0,1.0,0.0,0.0,0.0,0.0,1.0,1.0,-8.6552572,115.1296974,2259.288483838384,60.0,27.0,302372.53107065265,Canggu,12.0,1.0,2.0,133.83529072699093,5039.542184510878,302372.53107065265,302372.53107065265,302372.53107065265,25197.710922554383
86,398523.0,Deluxe,4.0,4.0,31,1.0,1.0,1.0,2.0,1.0,1.0,0.0,0.0,1.0,0.0,1.0,1.0,0.0,0.0,1.0,0.0,1.0,1.0,1.0,1.0,0.0,1.0,1.0,1.0,0.0,0.0,0.0,1.0,1.0,-8.6552572,115.1296974,2259.288483838384,60.0,27.0,848813.5429692509,Canggu,15.0,1.0,2.0,375.699495235408,14146.892382820848,848813.5429692509,848813.5429692509,848813.5429692509,56587.56953128339
87,398526.0,Entire House,3.0,2.0,142,1.0,1.0,1.0,2.0,1.0,0.0,0.0,0.0,0.0,0.0,1.0,0.0,0.0,0.0,0.0,0.0,0.0,1.0,0.0,1.0,0.0,1.0,1.0,1.0,1.0,1.0,0.0,1.0,0.0,-8.50706,115.276521,11926.3,120.0,1.0,586969.6639931253,Ubud,10.0,1.0,2.0,49.21640944745021,4891.413866609378,586969.6639931253,586969.6639931253,586969.6639931253,58696.96639931253
88,398528.0,Teges Asri Studio,1.0,4.0,40,1.0,1.0,1.0,2.0,1.0,1.0,0.0,0.0,0.0,0.0,1.0,1.0,0.0,0.0,1.0,0.0,1.0,0.0,1.0,1.0,1.0,1.0,1.0,1.0,1.0,0.0,0.0,1.0,1.0,-8.809038,115.115846,476.861,45.0,7.0,1196709.9892699404,Bingin,15.0,1.0,2.0,2509.557269875164,26593.555317109785,1196709.9892699404,1196709.9892699404,1196709.9892699404,79780.66595132936
89,398529.0,Villa Damuh,5.0,2.0,46,1.0,1.0,1.0,2.0,0.0,1.0,0.0,1.0,0.0,0.0,1.0,0.0,0.0,1.0,0.0,0.0,1.0,0.0,0.0,1.0,1.0,1.0,0.0,0.0,1.0,1.0,0.0,1.0,1.0,-8.4585533,115.2799388,2259.288483838384,120.0,2.0,366363.2883623188,Ubud,12.0,1.0,2.0,162.1587021679903,3053.027403019324,366363.2883623188,366363.2883623188,366363.2883623188,30530.274030193235
90,398563.0,Standard Double Non Allocation,0.0,4.0,9,1.0,1.0,1.0,2.0,1.0,1.0,0.0,0.0,0.0,1.0,1.0,1.0,0.0,0.0,1.0,0.0,1.0,0.0,1.0,1.0,1.0,1.0,1.0,1.0,1.0,1.0,0.0,1.0,1.0,-8.822391,115.0871096,2259.288483838384,60.0,22.0,772738.4255555555,Uluwatu,17.0,1.0,2.0,342.02733784696824,12878.97375925926,772738.4255555555,772738.4255555555,772738.4255555555,45455.20150326797
91,399280.0,Standard Double,1.0,4.0,62,1.0,1.0,1.0,2.0,1.0,0.0,0.0,1.0,0.0,0.0,1.0,0.0,0.0,0.0,1.0,0.0,1.0,0.0,0.0,1.0,0.0,1.0,0.0,1.0,0.0,0.0,0.0,1.0,1.0,-8.6788807,115.4900163,2259.288483838384,60.0,8.0,809252.560672043,Nusa Penida,10.0,1.0,2.0,358.1891230185778,13487.542677867385,809252.560672043,809252.560672043,809252.560672043,80925.2560672043
92,399290.0,Downstairs/Upstairs,1.0,4.0,5,1.0,1.0,1.0,2.0,1.0,1.0,0.0,0.0,0.0,0.0,1.0,0.0,0.0,1.0,0.0,0.0,1.0,1.0,1.0,1.0,1.0,1.0,1.0,0.0,1.0,0.0,0.0,1.0,0.0,-8.650003,115.133906,1055.57,60.0,7.0,1904790.4115,Canggu,13.0,1.0,2.0,1804.5135912350677,31746.50685833333,1904790.4115,1904790.4115,1904790.4115,146522.33934615384
93,399291.0,Kamisama Joglo,4.0,4.0,126,1.0,1.0,1.0,2.0,1.0,0.0,0.0,0.0,0.0,0.0,1.0,1.0,0.0,0.0,1.0,0.0,1.0,1.0,0.0,1.0,0.0,1.0,1.0,1.0,1.0,1.0,1.0,1.0,1.0,-8.654761,115.13041,406.362,60.0,4.0,775871.4333104686,Canggu,15.0,1.0,2.0,1909.310991949219,12931.190555174477,775871.4333104686,775871.4333104686,775871.4333104686,51724.76222069791
94,399294.0,Whole,4.0,2.0,114,3.0,5.0,3.0,6.0,1.0,0.0,0.0,0.0,0.0,0.0,1.0,0.0,0.0,0.0,1.0,0.0,0.0,1.0,0.0,0.0,0.0,1.0,1.0,1.0,0.0,1.0,0.0,1.0,1.0,-8.631898,115.13356,2553.42,60.0,3.0,1231716.8037943488,Canggu,10.0,0.6,2.0,482.3792418773053,20528.61339657248,410572.2679314496,410572.2679314496,246343.36075886976,123171.68037943488
95,399295.0,2BR,0.0,2.0,48,2.0,2.0,2.0,4.0,1.0,1.0,0.0,0.0,1.0,0.0,1.0,1.0,0.0,0.0,1.0,0.0,1.0,1.0,1.0,0.0,1.0,1.0,1.0,1.0,1.0,1.0,0.0,1.0,1.0,-8.652147,115.132308,761.362,60.0,6.0,1076762.146924603,Canggu,17.0,1.0,2.0,1414.2577997386304,17946.035782076717,538381.0734623015,538381.0734623015,538381.0734623015,63338.9498190943
96,399297.0,Standard Type,1.0,4.0,35,1.0,1.0,1.0,2.0,1.0,0.0,0.0,0.0,0.0,0.0,1.0,0.0,0.0,0.0,1.0,0.0,1.0,0.0,1.0,1.0,1.0,1.0,1.0,1.0,0.0,0.0,0.0,1.0,1.0,-8.6559436,115.1397607,2259.288483838384,60.0,5.0,2058222.5259637183,Canggu,12.0,1.0,2.0,911.0047436115516,34303.70876606197,2058222.5259637183,2058222.5259637183,2058222.5259637183,171518.54383030985
97,399298.0,Standard Type,1.0,4.0,108,1.0,1.0,1.0,2.0,1.0,0.0,0.0,0.0,0.0,0.0,1.0,0.0,0.0,0.0,1.0,0.0,1.0,0.0,0.0,1.0,0.0,1.0,1.0,1.0,0.0,0.0,0.0,1.0,1.0,-8.6559436,115.1397607,2259.288483838384,60.0,5.0,369791.3613546669,Canggu,10.0,1.0,2.0,163.67602632418834,6163.189355911115,369791.3613546669,369791.3613546669,369791.3613546669,36979.13613546669
98,399303.0,Villa Tortoise,0.0,2.0,118,4.0,2.0,4.0,8.0,1.0,0.0,1.0,0.0,1.0,0.0,1.0,0.0,0.0,0.0,1.0,0.0,1.0,1.0,1.0,0.0,0.0,0.0,0.0,1.0,1.0,0.0,0.0,1.0,1.0,-8.8054876,115.1137161,21.9135,45.0,4.0,2772514.99003306,Bingin,12.0,2.0,2.0,126520.86567791818,61611.44422295689,693128.747508265,693128.747508265,1386257.49501653,231042.91583608836
99,399305.0,NDBV Lot 3,0.0,2.0,34,3.0,4.0,3.0,8.0,1.0,1.0,1.0,0.0,1.0,1.0,1.0,1.0,0.0,1.0,1.0,0.0,1.0,1.0,1.0,0.0,1.0,1.0,1.0,1.0,1.0,1.0,1.0,1.0,1.0,-8.8358803,115.2066574,107.471,45.0,3.0,5910102.652303921,Nusa Dua,21.0,0.75,2.6666666666666665,54992.53428649515,131335.6144956427,1970034.2174346405,1970034.2174346405,1477525.6630759805,281433.45963352005
100,399306.0,NDBV Lot 6,0.0,2.0,120,3.0,3.0,3.0,8.0,1.0,1.0,1.0,0.0,0.0,1.0,1.0,1.0,0.0,1.0,1.0,0.0,1.0,1.0,1.0,0.0,1.0,1.0,1.0,1.0,1.0,1.0,1.0,1.0,1.0,-8.8361902,115.2066422,79.6941,45.0,3.0,5397903.916867674,Nusa Dua,20.0,1.0,2.6666666666666665,67732.79222511672,119953.4203748372,1799301.305622558,1799301.305622558,1799301.305622558,269895.1958433837
101,399307.0,Pondok Nini Villa,4.0,2.0,132,3.0,3.0,3.0,6.0,1.0,0.0,0.0,0.0,0.0,1.0,1.0,0.0,0.0,0.0,1.0,0.0,1.0,1.0,1.0,0.0,0.0,1.0,1.0,1.0,1.0,1.0,0.0,1.0,1.0,-8.50706,115.276521,11926.3,120.0,3.0,1282604.4742812049,Ubud,14.0,1.0,2.0,107.54420686056908,10688.37061901004,427534.8247604016,427534.8247604016,427534.8247604016,91614.60530580036
102,399313.0,Villa Kanha,0.0,2.0,142,2.0,2.0,2.0,4.0,1.0,1.0,0.0,0.0,0.0,1.0,1.0,1.0,0.0,0.0,1.0,0.0,1.0,1.0,1.0,0.0,1.0,1.0,1.0,1.0,1.0,1.0,0.0,1.0,1.0,-8.800425,115.147582,2033.49,30.0,2.0,941269.401355466,Jimbaran,17.0,1.0,2.0,462.88371290513646,31375.646711848865,470634.700677733,470634.700677733,470634.700677733,55368.78831502741
103,399315.0,Villa Tortoise - Room 1,0.0,2.0,44,1.0,1.0,1.0,2.0,1.0,0.0,1.0,0.0,0.0,0.0,1.0,0.0,0.0,0.0,1.0,0.0,1.0,0.0,0.0,1.0,0.0,0.0,0.0,1.0,1.0,1.0,0.0,1.0,1.0,-8.8054876,115.1137161,21.9135,45.0,4.0,780706.9031477273,Bingin,11.0,1.0,2.0,35626.75534021162,17349.042292171718,780706.9031477273,780706.9031477273,780706.9031477273,70973.35483161156
104,399317.0,Raka Rai Villa,4.0,2.0,7,2.0,3.0,2.0,4.0,1.0,0.0,0.0,0.0,0.0,0.0,1.0,0.0,0.0,0.0,1.0,0.0,0.0,1.0,0.0,0.0,0.0,1.0,1.0,1.0,1.0,1.0,0.0,1.0,1.0,-8.655828,115.1417823,2259.288483838384,60.0,2.0,1245153.39585034,Canggu,11.0,0.6666666666666666,2.0,551.1263412164636,20752.556597505663,622576.69792517,622576.69792517,415051.1319501133,113195.7632591218
105,399516.0,Bigger Type,1.0,4.0,24,1.0,1.0,1.0,2.0,1.0,0.0,0.0,0.0,0.0,0.0,1.0,0.0,0.0,0.0,1.0,0.0,1.0,0.0,1.0,1.0,1.0,1.0,1.0,1.0,0.0,0.0,0.0,1.0,1.0,-8.6559436,115.1397607,2259.288483838384,60.0,5.0,412825.2245476189,Canggu,12.0,1.0,2.0,182.7235554470918,6880.420409126981,412825.2245476189,412825.2245476189,412825.2245476189,34402.10204563491
106,399830.0,Standard,1.0,4.0,4,1.0,1.0,1.0,2.0,1.0,1.0,0.0,0.0,0.0,0.0,1.0,1.0,0.0,0.0,1.0,0.0,1.0,0.0,0.0,1.0,0.0,1.0,0.0,1.0,1.0,0.0,0.0,1.0,1.0,-8.835812,115.118645,1133.15,60.0,6.0,759896.1875,Uluwatu,12.0,1.0,2.0,670.6051162688082,12664.936458333334,759896.1875,759896.1875,759896.1875,63324.68229166666
107,399831.0,Despacito Loft & Lounge - 1,3.0,4.0,35,1.0,1.0,1.0,2.0,1.0,0.0,0.0,1.0,0.0,0.0,1.0,0.0,0.0,0.0,0.0,1.0,0.0,1.0,0.0,1.0,0.0,0.0,1.0,0.0,1.0,1.0,0.0,1.0,1.0,-8.81394,115.1096954,616.825,60.0,6.0,1095725.413170068,Padang Padang,11.0,1.0,2.0,1776.3959197018085,18262.090219501133,1095725.413170068,1095725.413170068,1095725.413170068,99611.40119727892
108,399832.0,Despacito Loft & Lounge - 6,3.0,4.0,32,1.0,1.0,1.0,4.0,1.0,0.0,0.0,1.0,0.0,0.0,1.0,0.0,0.0,0.0,0.0,1.0,1.0,1.0,0.0,1.0,0.0,1.0,1.0,0.0,1.0,1.0,0.0,1.0,1.0,-8.81394,115.1096954,616.825,60.0,6.0,1190516.4948958333,Padang Padang,13.0,1.0,4.0,1930.0717300625515,19841.94158159722,1190516.4948958333,1190516.4948958333,1190516.4948958333,91578.1919150641
109,399833.0,Despacito Loft & Lounge - 5,3.0,4.0,6,1.0,1.0,1.0,4.0,1.0,0.0,0.0,1.0,0.0,0.0,1.0,0.0,0.0,0.0,0.0,0.0,0.0,1.0,0.0,1.0,0.0,1.0,1.0,0.0,1.0,1.0,0.0,1.0,1.0,-8.81394,115.1096954,616.825,60.0,6.0,6651337.6025,Padang Padang,11.0,1.0,4.0,10783.184213512746,110855.62670833334,6651337.6025,6651337.6025,6651337.6025,604667.0547727273
110,399834.0,Lumbung,1.0,4.0,18,1.0,1.0,1.0,2.0,1.0,0.0,0.0,0.0,0.0,0.0,1.0,1.0,0.0,0.0,1.0,0.0,1.0,1.0,1.0,1.0,1.0,1.0,0.0,1.0,0.0,0.0,0.0,1.0,1.0,-8.836065,115.11936,1098.55,60.0,2.0,443284.15207010566,Uluwatu,13.0,1.0,2.0,403.5175022257573,7388.069201168428,443284.15207010566,443284.15207010566,443284.15207010566,34098.78092846966
111,399837.0,Raja Surga Ubud,4.0,2.0,1,1.0,1.0,1.0,2.0,1.0,0.0,0.0,1.0,0.0,0.0,1.0,0.0,0.0,0.0,1.0,0.0,0.0,0.0,0.0,0.0,0.0,1.0,1.0,1.0,1.0,1.0,0.0,1.0,1.0,-8.4584881,115.280513,2259.288483838384,120.0,1.0,801162.0,Ubud,11.0,1.0,2.0,354.608101502327,6676.35,801162.0,801162.0,801162.0,72832.90909090909
112,406732.0,Double No Balcony,0.0,4.0,179,1.0,1.0,1.0,2.0,1.0,1.0,0.0,1.0,0.0,0.0,1.0,1.0,0.0,0.0,1.0,0.0,1.0,0.0,1.0,1.0,0.0,1.0,1.0,1.0,0.0,1.0,0.0,1.0,1.0,-8.821746,115.089633,402.195,60.0,17.0,549541.7415640764,Uluwatu,15.0,1.0,2.0,1366.3564727658882,9159.02902606794,549541.7415640764,549541.7415640764,549541.7415640764,36636.11610427176
113,411604.0,Room,1.0,4.0,15,1.0,1.0,1.0,2.0,1.0,0.0,0.0,1.0,0.0,0.0,1.0,0.0,0.0,0.0,1.0,0.0,0.0,0.0,1.0,1.0,1.0,0.0,0.0,0.0,0.0,0.0,0.0,1.0,0.0,-8.6768119,115.566473,2259.288483838384,60.0,5.0,754350.6,Nusa Penida,8.0,1.0,2.0,333.8885695191999,12572.51,754350.6,754350.6,754350.6,94293.825
114,411609.0,Room,1.0,4.0,61,1.0,1.0,1.0,2.0,1.0,0.0,0.0,1.0,0.0,0.0,1.0,0.0,0.0,0.0,1.0,0.0,0.0,0.0,1.0,1.0,1.0,0.0,0.0,0.0,0.0,0.0,0.0,1.0,0.0,-8.6768119,115.566473,2259.288483838384,60.0,5.0,474478.49284153,Nusa Penida,8.0,1.0,2.0,210.0123539935998,7907.974880692167,474478.49284153,474478.49284153,474478.49284153,59309.81160519125
115,416992.0,Bungalow,2.0,4.0,91,1.0,1.0,1.0,2.0,1.0,0.0,0.0,1.0,0.0,0.0,1.0,0.0,0.0,0.0,0.0,0.0,1.0,0.0,1.0,1.0,1.0,1.0,0.0,0.0,1.0,1.0,0.0,1.0,0.0,-8.675,115.5445613,2259.288483838384,60.0,5.0,273148.4321336996,Nusa Penida,11.0,1.0,2.0,120.90020114192689,4552.473868894993,273148.4321336996,273148.4321336996,273148.4321336996,24831.675648518143
116,417040.0,Villa Arindra,0.0,4.0,60,1.0,1.0,1.0,3.0,1.0,1.0,0.0,1.0,0.0,0.0,1.0,0.0,0.0,1.0,1.0,0.0,1.0,1.0,1.0,0.0,1.0,1.0,1.0,0.0,1.0,1.0,0.0,1.0,1.0,-8.797821,115.149441,1935.58,30.0,4.0,1740769.0518888887,Jimbaran,16.0,1.0,3.0,899.3526756263698,58025.63506296296,1740769.0518888887,1740769.0518888887,1740769.0518888887,108798.06574305554
117,420950.0,Downstairs Non Hot Water,0.0,4.0,22,1.0,1.0,1.0,2.0,1.0,1.0,1.0,0.0,0.0,0.0,1.0,1.0,0.0,0.0,1.0,0.0,0.0,0.0,1.0,1.0,1.0,1.0,1.0,1.0,0.0,0.0,0.0,1.0,1.0,-8.8063269,115.11306,48.2584,45.0,13.0,1477529.5504545453,Bingin,14.0,1.0,2.0,30617.043881573885,32833.990010101006,1477529.5504545453,1477529.5504545453,1477529.5504545453,105537.82503246752
118,424242.0,Bungalow (Non Allocation),3.0,4.0,2,1.0,1.0,1.0,2.0,1.0,0.0,1.0,1.0,0.0,0.0,1.0,0.0,0.0,1.0,1.0,0.0,1.0,0.0,0.0,1.0,0.0,1.0,0.0,1.0,1.0,1.0,0.0,1.0,0.0,-8.67666,115.514889,26.7774,60.0,4.0,640099.75,Nusa Penida,13.0,1.0,2.0,23904.477283082,10668.329166666666,640099.75,640099.75,640099.75,49238.44230769231
119,425903.0,Villa Tortoise - Room 1,0.0,2.0,88,1.0,1.0,1.0,2.0,1.0,0.0,1.0,0.0,0.0,0.0,1.0,0.0,0.0,0.0,1.0,0.0,1.0,0.0,0.0,1.0,0.0,0.0,0.0,1.0,1.0,1.0,0.0,1.0,1.0,-8.8054876,115.1137161,21.9135,45.0,4.0,688152.7126217531,Bingin,11.0,1.0,2.0,31403.140193111696,15292.282502705624,688152.7126217531,688152.7126217531,688152.7126217531,62559.33751106847
120,428380.0,Despacito Loft & Lounge - 1,3.0,4.0,113,1.0,1.0,1.0,2.0,1.0,0.0,0.0,1.0,0.0,0.0,1.0,0.0,0.0,0.0,0.0,1.0,0.0,1.0,0.0,1.0,0.0,0.0,1.0,0.0,1.0,1.0,0.0,1.0,1.0,-8.81394,115.1096954,616.825,60.0,6.0,1221518.9482321956,Padang Padang,11.0,1.0,2.0,1980.3330737765093,20358.649137203254,1221518.9482321956,1221518.9482321956,1221518.9482321956,111047.17711201776
121,428381.0,Despacito Loft & Lounge - 6,3.0,4.0,101,1.0,1.0,1.0,4.0,1.0,0.0,0.0,1.0,0.0,0.0,1.0,0.0,0.0,0.0,0.0,1.0,1.0,1.0,0.0,1.0,0.0,1.0,1.0,0.0,1.0,1.0,0.0,1.0,1.0,-8.81394,115.1096954,616.825,60.0,6.0,1257471.3374832624,Padang Padang,13.0,1.0,4.0,2038.6192801576824,20957.85562472104,1257471.3374832624,1257471.3374832624,1257471.3374832624,96728.56442178942
122,428585.0,Standard Twin,0.0,4.0,11,1.0,1.0,1.0,2.0,1.0,1.0,0.0,0.0,1.0,1.0,1.0,1.0,0.0,0.0,1.0,0.0,0.0,0.0,1.0,1.0,1.0,1.0,1.0,1.0,1.0,1.0,0.0,1.0,1.0,-8.822391,115.0871096,2259.288483838384,60.0,22.0,1002925.689090909,Uluwatu,17.0,1.0,2.0,443.9121857457546,16715.42815151515,1002925.689090909,1002925.689090909,1002925.689090909,58995.62877005347
123,428585.0,Standard Twin,0.0,4.0,11,1.0,1.0,1.0,2.0,1.0,1.0,0.0,0.0,1.0,1.0,1.0,1.0,0.0,1.0,1.0,0.0,1.0,0.0,1.0,1.0,1.0,1.0,1.0,1.0,1.0,1.0,0.0,1.0,1.0,-8.822391,115.0871096,2259.288483838384,60.0,22.0,1002925.689090909,Uluwatu,19.0,1.0,2.0,443.9121857457546,16715.42815151515,1002925.689090909,1002925.689090909,1002925.689090909,52785.56258373205
124,428587.0,Standard Twin,0.0,4.0,69,1.0,1.0,1.0,2.0,1.0,1.0,0.0,0.0,1.0,1.0,1.0,1.0,0.0,0.0,1.0,0.0,0.0,0.0,1.0,1.0,1.0,1.0,1.0,1.0,1.0,1.0,0.0,1.0,1.0,-8.822391,115.0871096,2259.288483838384,60.0,22.0,474049.4753523649,Uluwatu,17.0,1.0,2.0,209.82246346291544,7900.824589206081,474049.4753523649,474049.4753523649,474049.4753523649,27885.263256021462
125,428587.0,Standard Twin,0.0,4.0,69,1.0,1.0,1.0,2.0,1.0,1.0,0.0,0.0,1.0,1.0,1.0,1.0,0.0,1.0,1.0,0.0,1.0,0.0,1.0,1.0,1.0,1.0,1.0,1.0,1.0,1.0,0.0,1.0,1.0,-8.822391,115.0871096,2259.288483838384,60.0,22.0,474049.4753523649,Uluwatu,19.0,1.0,2.0,209.82246346291544,7900.824589206081,474049.4753523649,474049.4753523649,474049.4753523649,24949.97238696657
126,431114.0,2BR,0.0,2.0,65,2.0,2.0,2.0,4.0,1.0,1.0,0.0,0.0,1.0,0.0,1.0,1.0,0.0,0.0,1.0,0.0,1.0,1.0,1.0,0.0,1.0,1.0,1.0,1.0,1.0,1.0,0.0,1.0,1.0,-8.652147,115.132308,761.362,60.0,6.0,1106902.78884621,Canggu,17.0,1.0,2.0,1453.8455936154023,18448.3798141035,553451.394423105,553451.394423105,553451.394423105,65111.92875565942
127,431874.0,Bingin Ombak Apartment - 1 Lantai 1,0.0,4.0,32,1.0,1.0,1.0,2.0,1.0,1.0,1.0,0.0,0.0,0.0,1.0,0.0,0.0,0.0,1.0,0.0,1.0,0.0,1.0,1.0,1.0,0.0,0.0,1.0,1.0,0.0,0.0,1.0,1.0,-8.805646,115.113378,15.6035,45.0,7.0,1057810.6372172618,Bingin,13.0,1.0,2.0,67793.16417581067,23506.903049272485,1057810.6372172618,1057810.6372172618,1057810.6372172618,81370.04901671245
128,431875.0,Bingin Ombak Apartment - 2 Lantai 2,0.0,4.0,48,1.0,1.0,1.0,2.0,1.0,0.0,1.0,0.0,0.0,0.0,1.0,0.0,0.0,0.0,1.0,0.0,0.0,0.0,1.0,1.0,1.0,0.0,0.0,1.0,1.0,0.0,0.0,1.0,1.0,-8.805646,115.113378,15.6035,45.0,7.0,1174965.749454365,Bingin,11.0,1.0,2.0,75301.42272274586,26110.34998787478,1174965.749454365,1174965.749454365,1174965.749454365,106815.068132215
129,434365.0,Lumbung,1.0,4.0,58,1.0,1.0,1.0,2.0,1.0,0.0,0.0,0.0,0.0,0.0,1.0,1.0,0.0,0.0,1.0,0.0,1.0,1.0,1.0,1.0,1.0,1.0,0.0,1.0,0.0,0.0,0.0,1.0,1.0,-8.836065,115.11936,1098.55,60.0,2.0,393723.4089354131,Uluwatu,13.0,1.0,2.0,358.4028118296055,6562.056815590218,393723.4089354131,393723.4089354131,393723.4089354131,30286.416071954856
130,434758.0,Teges Asri Studio,1.0,4.0,97,1.0,1.0,1.0,2.0,1.0,1.0,0.0,0.0,0.0,0.0,1.0,1.0,0.0,0.0,1.0,0.0,1.0,0.0,1.0,1.0,1.0,1.0,1.0,1.0,1.0,0.0,0.0,1.0,1.0,-8.809038,115.115846,476.861,45.0,7.0,945972.8380807335,Bingin,15.0,1.0,2.0,1983.7496420985017,21021.6186240163,945972.8380807335,945972.8380807335,945972.8380807335,63064.8558720489
131,434895.0,Room,1.0,4.0,5,1.0,1.0,1.0,2.0,1.0,0.0,0.0,0.0,0.0,0.0,1.0,0.0,0.0,0.0,1.0,0.0,0.0,0.0,0.0,1.0,0.0,1.0,0.0,0.0,1.0,0.0,0.0,1.0,1.0,-8.675762,115.56743,121.038,60.0,5.0,1270248.0,Nusa Penida,8.0,1.0,2.0,10494.621523818969,21170.8,1270248.0,1270248.0,1270248.0,158781.0
132,435112.0,Standard,1.0,4.0,8,1.0,1.0,1.0,2.0,1.0,1.0,0.0,0.0,0.0,0.0,1.0,1.0,0.0,0.0,1.0,0.0,1.0,0.0,0.0,1.0,0.0,1.0,0.0,1.0,1.0,0.0,0.0,1.0,1.0,-8.835812,115.118645,1133.15,60.0,6.0,792667.0416666663,Uluwatu,12.0,1.0,2.0,699.5252540852192,13211.117361111104,792667.0416666663,792667.0416666663,792667.0416666663,66055.58680555552
133,435784.0,Downstairs Room 2A,0.0,4.0,10,1.0,1.0,1.0,2.0,1.0,1.0,0.0,1.0,0.0,0.0,1.0,1.0,0.0,0.0,1.0,0.0,1.0,1.0,1.0,1.0,1.0,1.0,0.0,1.0,0.0,1.0,0.0,1.0,1.0,-7.802683,110.360967,14402.1,57.25190839694657,6.0,1217221.8,Ngupasan,16.0,1.0,2.0,84.51696627575146,21260.80744,1217221.8,1217221.8,1217221.8,76076.3625
134,436733.0,Lumbung,1.0,4.0,152,1.0,1.0,1.0,2.0,1.0,0.0,0.0,0.0,0.0,0.0,1.0,0.0,0.0,0.0,0.0,0.0,0.0,1.0,1.0,0.0,0.0,1.0,0.0,1.0,0.0,0.0,1.0,1.0,1.0,-8.835272,115.119866,1183.19,60.0,4.0,501588.38788135134,Uluwatu,9.0,1.0,2.0,423.928860015172,8359.806464689189,501588.38788135134,501588.38788135134,501588.38788135134,55732.043097927926
135,441267.0,Kamisama Joglo,4.0,4.0,102,1.0,1.0,1.0,2.0,1.0,0.0,0.0,0.0,0.0,0.0,1.0,0.0,0.0,0.0,1.0,0.0,1.0,1.0,0.0,1.0,0.0,1.0,1.0,1.0,1.0,1.0,1.0,1.0,1.0,-8.654761,115.13041,406.362,60.0,4.0,617490.6888422035,Canggu,14.0,1.0,2.0,1519.5581497339897,10291.511480703391,617490.6888422035,617490.6888422035,617490.6888422035,44106.47777444311
136,441616.0,Villa Arindra,0.0,4.0,36,1.0,1.0,1.0,3.0,1.0,1.0,0.0,1.0,0.0,0.0,1.0,0.0,0.0,1.0,1.0,0.0,1.0,1.0,1.0,0.0,1.0,1.0,1.0,0.0,1.0,1.0,0.0,1.0,1.0,-8.797821,115.149441,1935.58,30.0,4.0,1314981.5370370368,Jimbaran,16.0,1.0,3.0,679.3733852576679,43832.71790123456,1314981.5370370368,1314981.5370370368,1314981.5370370368,82186.3460648148
137,441730.0,Bungalow (Allocation),3.0,4.0,9,1.0,1.0,1.0,2.0,1.0,1.0,1.0,1.0,0.0,0.0,1.0,0.0,0.0,1.0,1.0,0.0,1.0,0.0,0.0,1.0,0.0,1.0,0.0,1.0,1.0,1.0,0.0,1.0,0.0,-8.67666,115.514889,26.7774,60.0,4.0,1234025.4444444445,Nusa Penida,14.0,1.0,2.0,46084.58791534819,20567.090740740743,1234025.4444444445,1234025.4444444445,1234025.4444444445,88144.6746031746
138,441740.0,Room,1.0,4.0,229,1.0,1.0,1.0,2.0,1.0,0.0,0.0,1.0,0.0,0.0,1.0,0.0,0.0,0.0,1.0,0.0,1.0,0.0,0.0,1.0,0.0,1.0,0.0,1.0,1.0,0.0,0.0,1.0,1.0,-8.688812,115.488442,596.384,60.0,4.0,802874.9969432314,Nusa Penida,11.0,1.0,2.0,1346.238324541288,13381.249949053858,802874.9969432314,802874.9969432314,802874.9969432314,72988.63608574831
139,443739.0,Standard,1.0,4.0,3,1.0,1.0,1.0,2.0,1.0,1.0,0.0,0.0,0.0,0.0,1.0,1.0,0.0,0.0,1.0,0.0,1.0,0.0,1.0,1.0,1.0,1.0,1.0,1.0,1.0,0.0,0.0,1.0,1.0,-8.809038,115.115846,476.861,45.0,7.0,1062705.75,Bingin,15.0,1.0,2.0,2228.5440621061484,23615.68333333333,1062705.75,1062705.75,1062705.75,70847.05
140,464417.0,3BR Villa 3A,4.0,2.0,16,3.0,5.0,3.0,6.0,1.0,1.0,0.0,0.0,0.0,0.0,1.0,0.0,0.0,0.0,1.0,0.0,1.0,1.0,0.0,0.0,0.0,1.0,1.0,1.0,1.0,1.0,0.0,1.0,1.0,-8.807392,115.157375,2755.41,45.0,3.0,2540450.7,Ungasan,13.0,0.6,2.0,921.98645573617,56454.46000000001,846816.9,846816.9,508090.14,195419.28461538465
141,472846.0,3BR Villa 3A,4.0,2.0,14,3.0,5.0,3.0,6.0,1.0,1.0,0.0,0.0,0.0,0.0,1.0,0.0,0.0,0.0,1.0,0.0,1.0,1.0,0.0,0.0,0.0,1.0,1.0,1.0,1.0,1.0,0.0,1.0,1.0,-8.807392,115.157375,2755.41,45.0,3.0,1164088.9298701298,Ungasan,13.0,0.6,2.0,422.4739439394245,25868.642886002883,388029.6432900433,388029.6432900433,232817.785974026,89545.30229770229
