,Unnamed: 0,room_id,unit_type_name,property_type,number_of_bookings,bedroom,bathroom,beds,capacity,ac,balcony,beachfront,breakfast,building_staff,cable_tv,essentials,garden,gym,hair_dryer,hanger,heating,hot_water,kitchen,linens,lock,luggage_drop_off,parking,pool,private_entrance,shampoo,tv,washer,wifi,workspace,lat,lng,distance_to_coastline,property_bedrooms,average_baseline_price,area_name,design_name
0,1,378260.0,Downstairs Room 2A,4.0,54,1.0,1.0,1.0,2.0,1.0,1.0,0.0,1.0,0.0,0.0,1.0,1.0,0.0,0.0,1.0,0.0,1.0,1.0,1.0,1.0,1.0,1.0,0.0,1.0,0.0,1.0,0.0,1.0,1.0,-7.802683,110.360967,14402.1,6.0,375783.2774537036,Ngupasan,
1,2,378261.0,Entire,1.0,12,3.0,2.0,3.0,7.0,1.0,1.0,0.0,0.0,0.0,0.0,1.0,1.0,0.0,0.0,1.0,0.0,1.0,1.0,1.0,0.0,0.0,1.0,0.0,1.0,0.0,1.0,1.0,0.0,1.0,-7.8317661,110.3806358,2259.288483838384,3.0,994590.5536805555,Yogyakarta,
2,3,378266.0,Upstairs Room 3B,4.0,87,1.0,1.0,1.0,2.0,1.0,1.0,0.0,1.0,1.0,0.0,1.0,1.0,0.0,0.0,1.0,0.0,1.0,1.0,1.0,0.0,1.0,1.0,0.0,0.0,1.0,1.0,0.0,1.0,1.0,-7.802683,110.360967,14402.1,6.0,342269.6909770114,Ngupasan,
3,4,378267.0,Upstairs Room 3A,4.0,49,1.0,1.0,1.0,3.0,1.0,1.0,0.0,1.0,0.0,0.0,1.0,1.0,0.0,0.0,1.0,0.0,0.0,1.0,1.0,0.0,1.0,1.0,0.0,0.0,1.0,1.0,1.0,1.0,1.0,-7.802683,110.360967,14402.1,6.0,404418.7471550048,Ngupasan,
4,5,378267.0,Upstairs Room 3A,4.0,49,1.0,1.0,1.0,3.0,1.0,1.0,0.0,1.0,0.0,0.0,1.0,1.0,0.0,0.0,1.0,0.0,1.0,1.0,1.0,1.0,1.0,1.0,0.0,1.0,1.0,1.0,0.0,1.0,1.0,-7.802683,110.360967,14402.1,6.0,404418.7471550048,Ngupasan,
5,6,378268.0,Downstairs Room 2B,4.0,57,1.0,1.0,1.0,3.0,1.0,1.0,0.0,1.0,0.0,0.0,1.0,1.0,0.0,0.0,1.0,0.0,1.0,1.0,1.0,0.0,1.0,1.0,0.0,0.0,1.0,1.0,0.0,1.0,1.0,-7.802683,110.360967,14402.1,6.0,383891.6361988304,Ngupasan,
6,7,378269.0,Upstairs Room 3A,4.0,4,1.0,1.0,1.0,3.0,1.0,1.0,0.0,1.0,0.0,0.0,1.0,1.0,0.0,0.0,1.0,0.0,0.0,1.0,1.0,0.0,1.0,1.0,0.0,0.0,1.0,1.0,1.0,1.0,1.0,-7.802683,110.360967,14402.1,6.0,650873.75,Ngupasan,
7,8,378269.0,Upstairs Room 3A,4.0,4,1.0,1.0,1.0,3.0,1.0,1.0,0.0,1.0,0.0,0.0,1.0,1.0,0.0,0.0,1.0,0.0,1.0,1.0,1.0,1.0,1.0,1.0,0.0,1.0,1.0,1.0,0.0,1.0,1.0,-7.802683,110.360967,14402.1,6.0,650873.75,Ngupasan,
8,9,381223.0,Apartment Merapi View,3.0,10,1.0,1.0,1.0,3.0,1.0,0.0,0.0,0.0,0.0,0.0,1.0,0.0,1.0,1.0,1.0,0.0,1.0,0.0,0.0,1.0,0.0,0.0,1.0,0.0,1.0,1.0,0.0,1.0,0.0,-7.7584523,110.3804561,2259.288483838384,5.0,589353.6925357142,Yogyakarta,
9,11,381228.0,Entire,1.0,20,3.0,3.0,3.0,4.0,1.0,1.0,0.0,1.0,0.0,1.0,1.0,1.0,0.0,1.0,1.0,0.0,1.0,1.0,0.0,0.0,1.0,1.0,1.0,1.0,1.0,1.0,0.0,1.0,1.0,-7.7287222,110.3845639,2259.288483838384,3.0,3042383.260583333,Sinduharjo,
10,12,381229.0,Upstairs Room 3B,4.0,4,1.0,1.0,1.0,2.0,1.0,1.0,0.0,1.0,1.0,0.0,1.0,1.0,0.0,0.0,1.0,0.0,1.0,1.0,1.0,0.0,1.0,1.0,0.0,0.0,1.0,1.0,0.0,1.0,1.0,-7.802683,110.360967,14402.1,6.0,1250221.37,Ngupasan,
11,14,387364.0,Entire,4.0,48,2.0,2.0,2.0,8.0,1.0,1.0,0.0,1.0,0.0,0.0,1.0,0.0,0.0,0.0,1.0,0.0,1.0,1.0,0.0,0.0,1.0,1.0,0.0,0.0,1.0,1.0,0.0,1.0,1.0,-7.770902,110.4285759,2259.288483838384,2.0,1058097.770520833,Maguwoharjo,
12,27,391676.0,Bungalow,4.0,8,1.0,1.0,1.0,2.0,1.0,0.0,0.0,1.0,0.0,0.0,1.0,0.0,0.0,0.0,1.0,0.0,1.0,0.0,0.0,1.0,0.0,1.0,0.0,0.0,0.0,0.0,0.0,1.0,0.0,-8.675,115.5445613,2259.288483838384,5.0,340512.095,Nusa Penida,
13,30,391680.0,Room,4.0,346,1.0,1.0,1.0,2.0,1.0,1.0,0.0,1.0,0.0,0.0,1.0,1.0,0.0,0.0,1.0,0.0,1.0,0.0,0.0,1.0,0.0,1.0,0.0,1.0,1.0,0.0,0.0,1.0,0.0,-8.675762,115.56743,121.038,5.0,330666.71176396904,Nusa Penida,
14,39,393186.0,Studio,4.0,170,2.0,1.0,2.0,4.0,1.0,0.0,1.0,1.0,0.0,0.0,1.0,0.0,0.0,0.0,1.0,0.0,0.0,0.0,0.0,1.0,0.0,1.0,0.0,1.0,1.0,1.0,0.0,1.0,1.0,-8.688048,115.579662,45.9017,3.0,398570.20197254897,Nusa Penida,
15,40,393187.0,Bungalow,4.0,103,1.0,1.0,1.0,2.0,1.0,0.0,0.0,1.0,0.0,0.0,1.0,0.0,0.0,0.0,1.0,0.0,1.0,0.0,1.0,1.0,1.0,1.0,0.0,0.0,1.0,1.0,0.0,1.0,1.0,-8.675,115.5445613,2259.288483838384,5.0,630112.2369255663,Nusa Penida,
16,41,393188.0,Room,4.0,80,1.0,1.0,1.0,2.0,1.0,0.0,0.0,1.0,0.0,0.0,1.0,0.0,0.0,0.0,1.0,0.0,0.0,0.0,0.0,1.0,0.0,1.0,0.0,1.0,1.0,0.0,0.0,1.0,1.0,-8.675762,115.56743,121.038,5.0,1441124.34546875,Nusa Penida,
17,45,393193.0,Room,4.0,200,1.0,1.0,1.0,2.0,1.0,0.0,0.0,1.0,0.0,0.0,1.0,0.0,0.0,0.0,1.0,0.0,0.0,0.0,0.0,1.0,0.0,1.0,0.0,1.0,1.0,1.0,0.0,1.0,1.0,-8.688812,115.488442,596.384,4.0,253792.6261533333,Nusa Penida,
18,46,393194.0,Bungalow (Allocation),4.0,266,1.0,1.0,1.0,2.0,1.0,1.0,1.0,1.0,0.0,0.0,1.0,0.0,0.0,1.0,1.0,0.0,1.0,0.0,0.0,1.0,0.0,1.0,0.0,1.0,1.0,1.0,0.0,1.0,0.0,-8.67666,115.514889,26.7774,4.0,710701.6101267454,Nusa Penida,
19,47,393195.0,Room,4.0,51,1.0,1.0,1.0,2.0,1.0,0.0,0.0,1.0,0.0,0.0,1.0,0.0,0.0,0.0,1.0,0.0,0.0,0.0,1.0,1.0,1.0,0.0,0.0,0.0,0.0,0.0,0.0,1.0,0.0,-8.6768119,115.566473,2259.288483838384,5.0,308858.7075816993,Nusa Penida,
20,48,393196.0,Bungalow,4.0,237,1.0,1.0,1.0,2.0,1.0,0.0,1.0,1.0,0.0,0.0,1.0,0.0,0.0,0.0,1.0,0.0,0.0,0.0,0.0,1.0,0.0,1.0,0.0,1.0,1.0,1.0,0.0,1.0,0.0,-8.6965183,115.5792547,2259.288483838384,3.0,433400.2814935626,Nusa Penida,
21,50,393198.0,Bungalow Double,4.0,161,1.0,1.0,1.0,2.0,1.0,0.0,0.0,1.0,0.0,0.0,1.0,0.0,0.0,0.0,1.0,0.0,1.0,0.0,0.0,1.0,0.0,1.0,0.0,1.0,0.0,0.0,0.0,1.0,1.0,-8.6788807,115.4900163,2259.288483838384,8.0,349953.8420548654,Nusa Penida,
22,51,393201.0,Bungalow Twin,4.0,87,1.0,1.0,1.0,2.0,1.0,0.0,0.0,1.0,0.0,0.0,1.0,0.0,0.0,0.0,1.0,1.0,1.0,0.0,0.0,1.0,0.0,1.0,0.0,1.0,0.0,0.0,0.0,1.0,1.0,-8.6788807,115.4900163,2259.288483838384,8.0,316348.69917624514,Nusa Penida,
23,52,393202.0,Bungalow Double,4.0,8,1.0,1.0,1.0,2.0,1.0,0.0,0.0,1.0,0.0,0.0,1.0,0.0,0.0,0.0,1.0,0.0,1.0,0.0,0.0,1.0,0.0,1.0,0.0,1.0,0.0,0.0,0.0,1.0,1.0,-8.6788807,115.4900163,2259.288483838384,8.0,890172.625,Nusa Penida,
24,53,393203.0,Standard Double,4.0,93,1.0,1.0,1.0,2.0,1.0,0.0,0.0,1.0,0.0,0.0,1.0,0.0,0.0,0.0,1.0,0.0,1.0,0.0,0.0,1.0,0.0,1.0,0.0,1.0,0.0,0.0,0.0,1.0,1.0,-8.6788807,115.4900163,2259.288483838384,8.0,294266.7578494623,Nusa Penida,
25,54,393204.0,Standard Twin,4.0,73,1.0,1.0,1.0,2.0,1.0,0.0,0.0,1.0,0.0,0.0,1.0,0.0,0.0,0.0,1.0,1.0,1.0,0.0,0.0,1.0,0.0,1.0,0.0,1.0,0.0,0.0,0.0,1.0,1.0,-8.6788807,115.4900163,2259.288483838384,8.0,320368.30176255706,Nusa Penida,
26,55,393205.0,Bungalow Double,4.0,79,1.0,1.0,1.0,2.0,1.0,0.0,0.0,1.0,0.0,0.0,1.0,0.0,0.0,0.0,1.0,0.0,1.0,0.0,0.0,1.0,0.0,1.0,0.0,1.0,0.0,0.0,0.0,1.0,1.0,-8.6788807,115.4900163,2259.288483838384,8.0,526531.4810126582,Nusa Penida,
27,56,393206.0,Bungalow Double,4.0,57,1.0,1.0,1.0,2.0,1.0,0.0,0.0,1.0,0.0,0.0,1.0,0.0,0.0,0.0,1.0,0.0,1.0,0.0,0.0,1.0,0.0,1.0,0.0,1.0,0.0,0.0,0.0,1.0,1.0,-8.6788807,115.4900163,2259.288483838384,8.0,843433.9060087719,Nusa Penida,
28,57,393207.0,Standard Double,4.0,236,1.0,1.0,1.0,2.0,1.0,0.0,1.0,1.0,0.0,0.0,1.0,0.0,0.0,0.0,1.0,0.0,0.0,0.0,0.0,1.0,0.0,1.0,0.0,1.0,1.0,1.0,0.0,1.0,1.0,-8.709399,115.586846,65.8603,4.0,308945.0738347457,Nusa Penida,
29,58,393208.0,Standard Twin,4.0,192,1.0,1.0,1.0,2.0,1.0,1.0,0.0,1.0,0.0,0.0,1.0,0.0,0.0,0.0,1.0,0.0,0.0,0.0,1.0,1.0,0.0,1.0,0.0,1.0,1.0,0.0,0.0,1.0,1.0,-8.709399,115.586846,65.8603,4.0,1316866.7343402775,Nusa Penida,
30,59,393209.0,Superior Double,4.0,207,1.0,1.0,1.0,2.0,1.0,1.0,1.0,1.0,0.0,0.0,1.0,0.0,0.0,0.0,1.0,0.0,1.0,0.0,0.0,1.0,0.0,1.0,0.0,1.0,1.0,1.0,0.0,1.0,1.0,-8.709399,115.586846,65.8603,4.0,337537.7606418219,Nusa Penida,
31,60,393264.0,Standard Twin,4.0,3,1.0,1.0,1.0,2.0,1.0,1.0,0.0,1.0,0.0,0.0,1.0,0.0,0.0,0.0,1.0,0.0,0.0,0.0,1.0,1.0,0.0,1.0,0.0,1.0,1.0,0.0,0.0,1.0,1.0,-8.709399,115.586846,65.8603,4.0,289232.952222222,Nusa Penida,
32,61,393265.0,Superior Twin,4.0,1,1.0,1.0,1.0,2.0,1.0,1.0,0.0,1.0,0.0,0.0,1.0,0.0,0.0,0.0,1.0,0.0,1.0,0.0,0.0,1.0,0.0,1.0,0.0,1.0,1.0,1.0,0.0,1.0,1.0,-8.709399,115.586846,65.8603,4.0,290058.5,Nusa Penida,
33,62,394908.0,Standard,4.0,338,1.0,3.0,1.0,2.0,0.0,1.0,1.0,0.0,0.0,0.0,1.0,0.0,0.0,0.0,1.0,0.0,0.0,0.0,1.0,1.0,1.0,0.0,0.0,1.0,1.0,0.0,0.0,1.0,1.0,-8.805646,115.113378,15.6035,7.0,762403.5755068928,Bingin,
34,66,394913.0,Downstairs Non Hot Water,4.0,278,1.0,1.0,1.0,2.0,1.0,1.0,1.0,0.0,0.0,0.0,1.0,1.0,0.0,0.0,1.0,0.0,0.0,0.0,1.0,1.0,1.0,1.0,1.0,1.0,0.0,0.0,0.0,1.0,1.0,-8.8063269,115.11306,48.2584,13.0,1274882.4974591583,Bingin,
35,67,394914.0,Upstairs Hot Water,4.0,315,1.0,1.0,1.0,2.0,1.0,1.0,0.0,0.0,0.0,0.0,1.0,1.0,0.0,0.0,1.0,0.0,0.0,0.0,1.0,1.0,1.0,1.0,1.0,1.0,0.0,0.0,0.0,1.0,1.0,-8.8063269,115.11306,48.2584,13.0,1325330.5681550424,Bingin,
36,68,394915.0,Downstairs Hot Water,4.0,10,1.0,1.0,1.0,2.0,1.0,1.0,0.0,0.0,0.0,0.0,1.0,1.0,0.0,0.0,1.0,0.0,0.0,0.0,1.0,1.0,1.0,0.0,1.0,1.0,0.0,0.0,0.0,1.0,1.0,-8.8063269,115.11306,48.2584,13.0,1611156.9466666663,Bingin,
37,71,395715.0,Room,4.0,286,1.0,1.0,1.0,2.0,1.0,0.0,0.0,1.0,0.0,0.0,1.0,0.0,0.0,0.0,1.0,0.0,1.0,0.0,0.0,1.0,0.0,1.0,0.0,1.0,1.0,0.0,0.0,1.0,1.0,-8.688812,115.488442,596.384,4.0,713838.1671070595,Nusa Penida,
38,72,395971.0,Bingin Ombak Apartment - 1 Lantai 1,4.0,32,1.0,1.0,1.0,2.0,1.0,1.0,1.0,0.0,0.0,0.0,1.0,0.0,0.0,0.0,1.0,0.0,1.0,0.0,1.0,1.0,1.0,0.0,0.0,1.0,1.0,0.0,0.0,1.0,1.0,-8.805646,115.113378,15.6035,7.0,1082806.3164583333,Bingin,
39,75,395989.0,Villa Arindra,4.0,259,1.0,1.0,1.0,3.0,1.0,1.0,0.0,1.0,0.0,0.0,1.0,0.0,0.0,1.0,1.0,0.0,1.0,1.0,1.0,0.0,1.0,1.0,1.0,0.0,1.0,1.0,0.0,1.0,1.0,-8.797821,115.149441,1935.58,4.0,449585.0246904928,Jimbaran,
40,76,395990.0,Entire,2.0,147,2.0,3.0,2.0,4.0,1.0,1.0,0.0,1.0,0.0,0.0,1.0,0.0,0.0,1.0,1.0,0.0,0.0,1.0,0.0,0.0,0.0,1.0,1.0,1.0,0.0,1.0,0.0,1.0,1.0,-8.837896,115.151689,1033.16,2.0,1511993.339735799,Ungasan,
41,77,395992.0,Room,2.0,260,1.0,1.0,1.0,2.0,0.0,1.0,1.0,0.0,0.0,0.0,1.0,0.0,0.0,0.0,1.0,0.0,1.0,0.0,1.0,1.0,1.0,0.0,0.0,1.0,1.0,0.0,0.0,1.0,0.0,-8.805481,115.11358,12.9244,1.0,993361.6022406592,Bingin,
42,78,396232.0,Deluxe Double,4.0,2,1.0,1.0,1.0,2.0,1.0,0.0,0.0,0.0,0.0,0.0,1.0,0.0,0.0,0.0,1.0,0.0,1.0,0.0,0.0,1.0,0.0,1.0,1.0,1.0,0.0,1.0,0.0,0.0,1.0,-8.822391,115.0871096,2259.288483838384,22.0,1146922.106666666,Uluwatu,
43,81,396428.0,Standard,4.0,6,1.0,1.0,1.0,2.0,1.0,1.0,0.0,0.0,0.0,0.0,1.0,1.0,0.0,0.0,1.0,0.0,1.0,0.0,0.0,1.0,0.0,1.0,0.0,1.0,1.0,0.0,0.0,1.0,1.0,-8.835812,115.118645,1133.15,6.0,2900595.246666666,Uluwatu,
44,83,396431.0,Entire,2.0,56,5.0,5.0,5.0,0.0,1.0,0.0,0.0,0.0,0.0,0.0,1.0,0.0,0.0,0.0,1.0,0.0,0.0,1.0,0.0,0.0,0.0,1.0,1.0,0.0,1.0,1.0,1.0,1.0,1.0,-8.824442,115.163821,2653.12,5.0,2047675.264663309,Ungasan,
45,84,396432.0,3BR Villa 3A,2.0,92,3.0,5.0,3.0,6.0,1.0,1.0,0.0,0.0,0.0,0.0,1.0,0.0,0.0,0.0,1.0,0.0,1.0,1.0,0.0,0.0,0.0,1.0,1.0,1.0,1.0,1.0,0.0,1.0,1.0,-8.807392,115.157375,2755.41,3.0,1335800.609523033,Ungasan,
46,85,396433.0,Standard Twin,4.0,75,1.0,1.0,2.0,2.0,1.0,0.0,0.0,0.0,1.0,0.0,1.0,0.0,0.0,0.0,1.0,0.0,1.0,0.0,0.0,1.0,1.0,1.0,1.0,1.0,1.0,0.0,0.0,1.0,1.0,-8.822391,115.0871096,2259.288483838384,22.0,427414.74546582,Uluwatu,
47,89,396440.0,5BR Villa,2.0,186,5.0,5.0,5.0,0.0,1.0,1.0,0.0,0.0,0.0,0.0,1.0,1.0,0.0,1.0,1.0,0.0,1.0,1.0,1.0,0.0,1.0,1.0,1.0,1.0,1.0,1.0,0.0,1.0,1.0,-8.803833,115.1450882,2201.29,10.0,1693762.50965873,Jimbaran,
48,90,396441.0,5BR Villa,2.0,44,5.0,5.0,5.0,0.0,1.0,1.0,0.0,0.0,0.0,0.0,1.0,1.0,0.0,1.0,1.0,0.0,1.0,1.0,1.0,0.0,1.0,1.0,1.0,1.0,1.0,1.0,0.0,1.0,1.0,-8.803833,115.1450882,2201.29,10.0,3503368.58939394,Jimbaran,
49,91,396442.0,Blu Apsara,2.0,58,3.0,5.0,3.0,6.0,1.0,1.0,0.0,0.0,0.0,0.0,1.0,1.0,0.0,1.0,1.0,0.0,1.0,1.0,1.0,0.0,1.0,1.0,1.0,0.0,1.0,1.0,0.0,1.0,1.0,-8.830237,115.167079,2041.98,3.0,1725334.964849721,Ungasan,
50,93,396445.0,Entire House 4BR,2.0,97,4.0,5.0,4.0,9.0,1.0,1.0,0.0,0.0,0.0,1.0,1.0,1.0,0.0,1.0,1.0,0.0,1.0,1.0,1.0,0.0,0.0,1.0,1.0,0.0,1.0,1.0,1.0,1.0,1.0,-8.810648,115.156482,3125.52,4.0,2932103.255860334,Ungasan,
51,95,396658.0,Bingin Ombak Apartment - 2 Lantai 2,4.0,46,1.0,1.0,1.0,2.0,1.0,0.0,1.0,0.0,0.0,0.0,1.0,0.0,0.0,0.0,1.0,0.0,0.0,0.0,1.0,1.0,1.0,0.0,0.0,1.0,1.0,0.0,0.0,1.0,1.0,-8.805646,115.113378,15.6035,7.0,1283523.0629001977,Bingin,
52,96,397165.0,Downstairs Hot Water,4.0,20,1.0,1.0,1.0,2.0,1.0,1.0,0.0,0.0,0.0,0.0,1.0,1.0,0.0,0.0,1.0,0.0,0.0,0.0,1.0,1.0,1.0,0.0,1.0,1.0,0.0,0.0,0.0,1.0,1.0,-8.8063269,115.11306,48.2584,13.0,1937579.0989285712,Bingin,
53,99,397667.0,Asri Village,4.0,632,1.0,1.0,1.0,2.0,1.0,1.0,0.0,0.0,0.0,0.0,1.0,1.0,0.0,0.0,1.0,0.0,1.0,1.0,0.0,1.0,1.0,1.0,1.0,0.0,1.0,0.0,0.0,1.0,1.0,-8.835766,115.123054,1163.26,6.0,635751.257197236,Uluwatu,
54,100,397668.0,Wooden,4.0,187,1.0,1.0,1.0,2.0,1.0,0.0,0.0,0.0,0.0,0.0,1.0,1.0,0.0,0.0,0.0,0.0,1.0,1.0,0.0,1.0,0.0,1.0,0.0,1.0,1.0,0.0,0.0,1.0,1.0,-8.835812,115.118645,1133.15,6.0,474170.2392170867,Uluwatu,
55,103,397671.0,Despacito Loft & Lounge - 5,4.0,147,1.0,1.0,1.0,4.0,1.0,0.0,0.0,1.0,0.0,0.0,1.0,0.0,0.0,0.0,0.0,0.0,0.0,1.0,0.0,1.0,0.0,1.0,1.0,0.0,1.0,1.0,0.0,1.0,1.0,-8.81394,115.1096954,616.825,6.0,1254885.8059773245,Padang Padang,
56,104,397672.0,Despacito Loft & Lounge - 4,4.0,140,1.0,1.0,1.0,2.0,1.0,0.0,0.0,1.0,0.0,0.0,1.0,0.0,0.0,0.0,0.0,0.0,1.0,1.0,0.0,1.0,0.0,0.0,1.0,0.0,1.0,1.0,0.0,1.0,1.0,-8.81394,115.1096954,616.825,6.0,1074892.0056167748,Padang Padang,
57,105,397673.0,Despacito Loft & Lounge - 3,4.0,160,1.0,1.0,1.0,2.0,1.0,0.0,0.0,1.0,0.0,0.0,1.0,0.0,0.0,0.0,0.0,0.0,1.0,1.0,0.0,1.0,0.0,0.0,1.0,0.0,1.0,1.0,0.0,1.0,1.0,-8.81394,115.1096954,616.825,6.0,1072624.6954441962,Padang Padang,
58,106,397674.0,Downstairs/Upstairs,4.0,532,1.0,1.0,1.0,2.0,1.0,1.0,0.0,0.0,0.0,0.0,1.0,0.0,0.0,1.0,0.0,0.0,1.0,1.0,0.0,1.0,1.0,1.0,1.0,0.0,1.0,0.0,0.0,1.0,0.0,-8.650003,115.133906,1055.57,7.0,318588.9078404388,Canggu,
59,107,397675.0,Standard,4.0,396,1.0,1.0,1.0,2.0,1.0,0.0,0.0,0.0,0.0,0.0,1.0,0.0,0.0,0.0,1.0,0.0,0.0,1.0,0.0,1.0,1.0,1.0,0.0,1.0,0.0,0.0,0.0,1.0,1.0,-8.836065,115.11936,1098.55,2.0,510951.88016170304,Uluwatu,
60,109,397677.0,Kencana Homestay,4.0,280,1.0,1.0,1.0,2.0,1.0,1.0,0.0,0.0,0.0,0.0,1.0,0.0,0.0,0.0,1.0,0.0,1.0,1.0,0.0,1.0,1.0,1.0,1.0,0.0,1.0,0.0,0.0,1.0,0.0,-8.649104,115.13234,1030.11,7.0,402296.501577549,Canggu,
61,111,397679.0,Double,4.0,363,1.0,1.0,1.0,2.0,1.0,0.0,0.0,0.0,0.0,0.0,1.0,0.0,0.0,1.0,1.0,0.0,1.0,1.0,0.0,1.0,0.0,1.0,1.0,0.0,1.0,0.0,0.0,1.0,1.0,-8.652609,115.13751,1093.22,10.0,447159.0506768007,Canggu,
62,112,397680.0,Twin,4.0,107,1.0,1.0,1.0,2.0,1.0,1.0,0.0,0.0,0.0,0.0,1.0,0.0,0.0,1.0,0.0,0.0,0.0,0.0,0.0,1.0,1.0,1.0,1.0,0.0,1.0,0.0,0.0,1.0,1.0,-8.652609,115.13751,1093.22,10.0,407041.8981807231,Canggu,
63,113,397682.0,Standard,4.0,15,1.0,1.0,1.0,2.0,1.0,0.0,0.0,0.0,0.0,0.0,1.0,0.0,0.0,0.0,1.0,0.0,0.0,1.0,0.0,1.0,0.0,1.0,0.0,0.0,1.0,0.0,0.0,1.0,1.0,-8.6385989,115.1438355,2259.288483838384,7.0,437265.8751666666,Canggu,
64,116,397685.0,Deluxe,4.0,73,1.0,1.0,1.0,2.0,1.0,1.0,0.0,0.0,1.0,0.0,1.0,1.0,0.0,0.0,1.0,0.0,1.0,1.0,1.0,1.0,0.0,1.0,1.0,1.0,0.0,0.0,0.0,1.0,1.0,-8.6552572,115.1296974,2259.288483838384,27.0,426526.3632397181,Canggu,
65,117,397686.0,Standard Smaller (No Pool),4.0,191,1.0,1.0,1.0,2.0,1.0,0.0,0.0,0.0,0.0,0.0,1.0,0.0,0.0,0.0,1.0,0.0,1.0,1.0,0.0,1.0,0.0,1.0,1.0,0.0,0.0,0.0,0.0,1.0,1.0,-8.6552572,115.1296974,2259.288483838384,27.0,414215.82482814265,Canggu,
66,118,397688.0,Downstairs/Upstairs,4.0,41,1.0,1.0,1.0,2.0,1.0,0.0,0.0,0.0,0.0,0.0,1.0,0.0,0.0,0.0,1.0,0.0,0.0,1.0,0.0,1.0,0.0,1.0,1.0,0.0,0.0,1.0,0.0,1.0,1.0,-8.6488877,115.1361637,2259.288483838384,2.0,465156.23675583344,Canggu,
67,119,397689.0,Standard,4.0,553,1.0,1.0,1.0,2.0,1.0,1.0,0.0,0.0,0.0,0.0,1.0,1.0,0.0,0.0,1.0,0.0,1.0,0.0,1.0,1.0,1.0,1.0,1.0,1.0,1.0,0.0,0.0,1.0,1.0,-8.809038,115.115846,476.861,7.0,980625.6045879652,Bingin,
68,120,397690.0,Double Balcony,4.0,674,1.0,1.0,1.0,2.0,1.0,1.0,0.0,0.0,1.0,0.0,1.0,1.0,0.0,0.0,1.0,0.0,1.0,0.0,1.0,0.0,1.0,1.0,1.0,0.0,1.0,0.0,0.0,1.0,1.0,-8.821746,115.089633,402.195,17.0,764002.4496912425,Uluwatu,
69,122,397692.0,Uluwatu Kayana Bungalows,4.0,489,1.0,1.0,1.0,2.0,1.0,0.0,0.0,1.0,0.0,0.0,1.0,0.0,1.0,0.0,1.0,0.0,0.0,0.0,0.0,1.0,1.0,1.0,1.0,0.0,1.0,1.0,0.0,1.0,0.0,-8.837085,115.100357,452.564,5.0,565776.703799284,Uluwatu,
70,123,397693.0,Amazon GH,4.0,218,1.0,1.0,1.0,2.0,1.0,0.0,0.0,0.0,0.0,0.0,1.0,1.0,0.0,1.0,0.0,0.0,1.0,1.0,1.0,1.0,1.0,1.0,1.0,0.0,1.0,0.0,0.0,1.0,1.0,-8.646509,115.154492,2791.11,8.0,419222.7862762248,Canggu,
71,128,397698.0,Standard,4.0,221,1.0,1.0,1.0,2.0,1.0,0.0,0.0,0.0,0.0,0.0,1.0,1.0,0.0,1.0,0.0,0.0,0.0,1.0,0.0,1.0,0.0,1.0,1.0,1.0,1.0,0.0,1.0,1.0,1.0,-8.8357515,115.1172562,1130.56,5.0,459039.6054424426,Uluwatu,
72,129,397699.0,Lumbung,4.0,391,1.0,1.0,1.0,2.0,1.0,1.0,0.0,0.0,0.0,0.0,1.0,1.0,0.0,1.0,0.0,0.0,0.0,1.0,0.0,1.0,0.0,0.0,1.0,1.0,1.0,0.0,1.0,1.0,1.0,-8.8357515,115.1172562,1130.56,5.0,485426.8377994544,Uluwatu,
73,130,397701.0,Despacito Loft & Lounge - 2,4.0,148,1.0,1.0,1.0,2.0,1.0,0.0,0.0,1.0,0.0,0.0,1.0,0.0,0.0,0.0,0.0,0.0,1.0,1.0,0.0,1.0,0.0,0.0,1.0,0.0,1.0,1.0,0.0,1.0,1.0,-8.81394,115.1096954,616.825,6.0,1060973.2883582592,Padang Padang,
74,132,397714.0,Standard,4.0,301,1.0,1.0,1.0,2.0,1.0,1.0,0.0,0.0,0.0,0.0,1.0,1.0,0.0,0.0,0.0,0.0,1.0,0.0,0.0,1.0,0.0,1.0,0.0,1.0,1.0,1.0,0.0,1.0,1.0,-8.835812,115.118645,1133.15,6.0,499438.44218977017,Uluwatu,
75,133,397715.0,Rumah Taman Kutuh,4.0,92,1.0,1.0,1.0,2.0,1.0,0.0,0.0,0.0,0.0,0.0,1.0,0.0,0.0,1.0,0.0,0.0,0.0,1.0,0.0,0.0,0.0,1.0,1.0,0.0,1.0,1.0,0.0,1.0,1.0,-8.4890655,115.2673239,2259.288483838384,3.0,473802.5664581224,Ubud,
76,134,397720.0,Twin,4.0,52,1.0,1.0,1.0,2.0,1.0,0.0,0.0,1.0,1.0,0.0,1.0,0.0,0.0,0.0,1.0,0.0,1.0,0.0,1.0,1.0,1.0,1.0,1.0,0.0,0.0,1.0,0.0,1.0,1.0,-8.821746,115.089633,402.195,17.0,1044698.7298443224,Uluwatu,
77,135,397739.0,Standard,4.0,7,1.0,1.0,1.0,2.0,1.0,1.0,0.0,0.0,0.0,0.0,1.0,1.0,0.0,0.0,1.0,0.0,1.0,0.0,1.0,1.0,1.0,1.0,1.0,1.0,1.0,0.0,0.0,1.0,1.0,-8.809038,115.115846,476.861,7.0,4815968.666666666,Bingin,
78,138,397971.0,Double Non Allocation,4.0,3,1.0,1.0,1.0,2.0,1.0,1.0,0.0,0.0,1.0,0.0,1.0,1.0,0.0,0.0,1.0,0.0,1.0,0.0,0.0,0.0,1.0,1.0,1.0,0.0,0.0,1.0,0.0,1.0,1.0,-8.821746,115.089633,402.195,17.0,431420.0444444444,Uluwatu,
79,139,398335.0,Standard Double Non Allocation,4.0,3,1.0,1.0,1.0,2.0,1.0,0.0,0.0,0.0,1.0,0.0,1.0,0.0,0.0,1.0,1.0,0.0,1.0,0.0,0.0,1.0,1.0,1.0,1.0,1.0,1.0,1.0,0.0,1.0,1.0,-8.822391,115.0871096,2259.288483838384,22.0,315083.5133333333,Uluwatu,
80,140,398513.0,Double,4.0,163,1.0,1.0,1.0,2.0,1.0,1.0,0.0,0.0,1.0,0.0,1.0,1.0,0.0,0.0,1.0,0.0,1.0,0.0,1.0,0.0,1.0,1.0,1.0,1.0,0.0,0.0,0.0,1.0,1.0,-8.6464854,115.1504805,2259.288483838384,7.0,355745.8637110751,Canggu,
81,141,398514.0,Double,4.0,24,1.0,1.0,1.0,2.0,1.0,1.0,0.0,0.0,1.0,0.0,1.0,1.0,0.0,0.0,1.0,0.0,1.0,0.0,1.0,0.0,1.0,1.0,1.0,1.0,0.0,0.0,0.0,1.0,1.0,-8.6464854,115.1504805,2259.288483838384,7.0,688961.3955092592,Canggu,
82,144,398519.0,Guesthouse,4.0,585,1.0,1.0,1.0,2.0,1.0,0.0,0.0,1.0,1.0,0.0,1.0,0.0,0.0,1.0,1.0,0.0,0.0,0.0,0.0,1.0,0.0,1.0,1.0,1.0,1.0,1.0,0.0,1.0,1.0,-8.8284397,115.0879669,307.225,4.0,1046011.1694911272,Uluwatu,
83,145,398520.0,1BR,2.0,353,1.0,1.0,1.0,2.0,1.0,1.0,0.0,0.0,0.0,0.0,1.0,1.0,0.0,0.0,1.0,0.0,1.0,1.0,1.0,0.0,1.0,1.0,1.0,1.0,1.0,1.0,0.0,1.0,1.0,-8.652147,115.132308,761.362,6.0,903529.7427067658,Canggu,
84,146,398521.0,Deluxe,4.0,6,1.0,1.0,1.0,2.0,1.0,0.0,0.0,0.0,0.0,0.0,1.0,0.0,0.0,0.0,1.0,0.0,0.0,1.0,0.0,0.0,0.0,1.0,0.0,0.0,1.0,0.0,0.0,1.0,1.0,-8.6385989,115.1438355,2259.288483838384,7.0,449808.43833333335,Canggu,
85,147,398522.0,Bunk Bed,4.0,76,1.0,1.0,1.0,2.0,1.0,1.0,0.0,0.0,1.0,0.0,1.0,1.0,0.0,0.0,1.0,0.0,0.0,1.0,0.0,1.0,0.0,1.0,1.0,0.0,0.0,0.0,0.0,1.0,1.0,-8.6552572,115.1296974,2259.288483838384,27.0,302372.53107065265,Canggu,
86,148,398523.0,Deluxe,4.0,31,1.0,1.0,1.0,2.0,1.0,1.0,0.0,0.0,1.0,0.0,1.0,1.0,0.0,0.0,1.0,0.0,1.0,1.0,1.0,1.0,0.0,1.0,1.0,1.0,0.0,0.0,0.0,1.0,1.0,-8.6552572,115.1296974,2259.288483838384,27.0,848813.5429692509,Canggu,
87,150,398526.0,Entire House,2.0,142,1.0,1.0,1.0,2.0,1.0,0.0,0.0,0.0,0.0,0.0,1.0,0.0,0.0,0.0,0.0,0.0,0.0,1.0,0.0,1.0,0.0,1.0,1.0,1.0,1.0,1.0,0.0,1.0,0.0,-8.50706,115.276521,11926.3,1.0,586969.6639931253,Ubud,
88,152,398528.0,Teges Asri Studio,4.0,40,1.0,1.0,1.0,2.0,1.0,1.0,0.0,0.0,0.0,0.0,1.0,1.0,0.0,0.0,1.0,0.0,1.0,0.0,1.0,1.0,1.0,1.0,1.0,1.0,1.0,0.0,0.0,1.0,1.0,-8.809038,115.115846,476.861,7.0,1196709.9892699404,Bingin,
89,153,398529.0,Villa Damuh,2.0,46,1.0,1.0,1.0,2.0,0.0,1.0,0.0,1.0,0.0,0.0,1.0,0.0,0.0,1.0,0.0,0.0,1.0,0.0,0.0,1.0,1.0,1.0,0.0,0.0,1.0,1.0,0.0,1.0,1.0,-8.4585533,115.2799388,2259.288483838384,2.0,366363.2883623188,Ubud,
90,154,398563.0,Standard Double Non Allocation,4.0,9,1.0,1.0,1.0,2.0,1.0,1.0,0.0,0.0,0.0,1.0,1.0,1.0,0.0,0.0,1.0,0.0,1.0,0.0,1.0,1.0,1.0,1.0,1.0,1.0,1.0,1.0,0.0,1.0,1.0,-8.822391,115.0871096,2259.288483838384,22.0,772738.4255555555,Uluwatu,
91,155,399280.0,Standard Double,4.0,62,1.0,1.0,1.0,2.0,1.0,0.0,0.0,1.0,0.0,0.0,1.0,0.0,0.0,0.0,1.0,0.0,1.0,0.0,0.0,1.0,0.0,1.0,0.0,1.0,0.0,0.0,0.0,1.0,1.0,-8.6788807,115.4900163,2259.288483838384,8.0,809252.560672043,Nusa Penida,
92,156,399290.0,Downstairs/Upstairs,4.0,5,1.0,1.0,1.0,2.0,1.0,1.0,0.0,0.0,0.0,0.0,1.0,0.0,0.0,1.0,0.0,0.0,1.0,1.0,1.0,1.0,1.0,1.0,1.0,0.0,1.0,0.0,0.0,1.0,0.0,-8.650003,115.133906,1055.57,7.0,1904790.4115,Canggu,
93,157,399291.0,Kamisama Joglo,4.0,126,1.0,1.0,1.0,2.0,1.0,0.0,0.0,0.0,0.0,0.0,1.0,1.0,0.0,0.0,1.0,0.0,1.0,1.0,0.0,1.0,0.0,1.0,1.0,1.0,1.0,1.0,1.0,1.0,1.0,-8.654761,115.13041,406.362,4.0,775871.4333104686,Canggu,
94,160,399294.0,Whole,2.0,114,3.0,5.0,3.0,6.0,1.0,0.0,0.0,0.0,0.0,0.0,1.0,0.0,0.0,0.0,1.0,0.0,0.0,1.0,0.0,0.0,0.0,1.0,1.0,1.0,0.0,1.0,0.0,1.0,1.0,-8.631898,115.13356,2553.42,3.0,1231716.8037943488,Canggu,
95,161,399295.0,2BR,2.0,48,2.0,2.0,2.0,4.0,1.0,1.0,0.0,0.0,1.0,0.0,1.0,1.0,0.0,0.0,1.0,0.0,1.0,1.0,1.0,0.0,1.0,1.0,1.0,1.0,1.0,1.0,0.0,1.0,1.0,-8.652147,115.132308,761.362,6.0,1076762.146924603,Canggu,
96,163,399297.0,Standard Type,4.0,35,1.0,1.0,1.0,2.0,1.0,0.0,0.0,0.0,0.0,0.0,1.0,0.0,0.0,0.0,1.0,0.0,1.0,0.0,1.0,1.0,1.0,1.0,1.0,1.0,0.0,0.0,0.0,1.0,1.0,-8.6559436,115.1397607,2259.288483838384,5.0,2058222.5259637183,Canggu,
97,164,399298.0,Standard Type,4.0,108,1.0,1.0,1.0,2.0,1.0,0.0,0.0,0.0,0.0,0.0,1.0,0.0,0.0,0.0,1.0,0.0,1.0,0.0,0.0,1.0,0.0,1.0,1.0,1.0,0.0,0.0,0.0,1.0,1.0,-8.6559436,115.1397607,2259.288483838384,5.0,369791.3613546669,Canggu,
98,166,399303.0,Villa Tortoise,2.0,118,4.0,2.0,4.0,8.0,1.0,0.0,1.0,0.0,1.0,0.0,1.0,0.0,0.0,0.0,1.0,0.0,1.0,1.0,1.0,0.0,0.0,0.0,0.0,1.0,1.0,0.0,0.0,1.0,1.0,-8.8054876,115.1137161,21.9135,4.0,2772514.99003306,Bingin,
99,168,399305.0,NDBV Lot 3,2.0,34,3.0,4.0,3.0,8.0,1.0,1.0,1.0,0.0,1.0,1.0,1.0,1.0,0.0,1.0,1.0,0.0,1.0,1.0,1.0,0.0,1.0,1.0,1.0,1.0,1.0,1.0,1.0,1.0,1.0,-8.8358803,115.2066574,107.471,3.0,5910102.652303921,Nusa Dua,
100,169,399306.0,NDBV Lot 6,2.0,120,3.0,3.0,3.0,8.0,1.0,1.0,1.0,0.0,0.0,1.0,1.0,1.0,0.0,1.0,1.0,0.0,1.0,1.0,1.0,0.0,1.0,1.0,1.0,1.0,1.0,1.0,1.0,1.0,1.0,-8.8361902,115.2066422,79.6941,3.0,5397903.916867674,Nusa Dua,
101,170,399307.0,Pondok Nini Villa,2.0,132,3.0,3.0,3.0,6.0,1.0,0.0,0.0,0.0,0.0,1.0,1.0,0.0,0.0,0.0,1.0,0.0,1.0,1.0,1.0,0.0,0.0,1.0,1.0,1.0,1.0,1.0,0.0,1.0,1.0,-8.50706,115.276521,11926.3,3.0,1282604.4742812049,Ubud,
102,173,399313.0,Villa Kanha,2.0,142,2.0,2.0,2.0,4.0,1.0,1.0,0.0,0.0,0.0,1.0,1.0,1.0,0.0,0.0,1.0,0.0,1.0,1.0,1.0,0.0,1.0,1.0,1.0,1.0,1.0,1.0,0.0,1.0,1.0,-8.800425,115.147582,2033.49,2.0,941269.401355466,Jimbaran,
103,174,399315.0,Villa Tortoise - Room 1,2.0,44,1.0,1.0,1.0,2.0,1.0,0.0,1.0,0.0,0.0,0.0,1.0,0.0,0.0,0.0,1.0,0.0,1.0,0.0,0.0,1.0,0.0,0.0,0.0,1.0,1.0,1.0,0.0,1.0,1.0,-8.8054876,115.1137161,21.9135,4.0,780706.9031477273,Bingin,
104,176,399317.0,Raka Rai Villa,2.0,7,2.0,3.0,2.0,4.0,1.0,0.0,0.0,0.0,0.0,0.0,1.0,0.0,0.0,0.0,1.0,0.0,0.0,1.0,0.0,0.0,0.0,1.0,1.0,1.0,1.0,1.0,0.0,1.0,1.0,-8.655828,115.1417823,2259.288483838384,2.0,1245153.39585034,Canggu,
105,178,399516.0,Bigger Type,4.0,24,1.0,1.0,1.0,2.0,1.0,0.0,0.0,0.0,0.0,0.0,1.0,0.0,0.0,0.0,1.0,0.0,1.0,0.0,1.0,1.0,1.0,1.0,1.0,1.0,0.0,0.0,0.0,1.0,1.0,-8.6559436,115.1397607,2259.288483838384,5.0,412825.2245476189,Canggu,
106,180,399830.0,Standard,4.0,4,1.0,1.0,1.0,2.0,1.0,1.0,0.0,0.0,0.0,0.0,1.0,1.0,0.0,0.0,1.0,0.0,1.0,0.0,0.0,1.0,0.0,1.0,0.0,1.0,1.0,0.0,0.0,1.0,1.0,-8.835812,115.118645,1133.15,6.0,759896.1875,Uluwatu,
107,181,399831.0,Despacito Loft & Lounge - 1,4.0,35,1.0,1.0,1.0,2.0,1.0,0.0,0.0,1.0,0.0,0.0,1.0,0.0,0.0,0.0,0.0,1.0,0.0,1.0,0.0,1.0,0.0,0.0,1.0,0.0,1.0,1.0,0.0,1.0,1.0,-8.81394,115.1096954,616.825,6.0,1095725.413170068,Padang Padang,
108,182,399832.0,Despacito Loft & Lounge - 6,4.0,32,1.0,1.0,1.0,4.0,1.0,0.0,0.0,1.0,0.0,0.0,1.0,0.0,0.0,0.0,0.0,1.0,1.0,1.0,0.0,1.0,0.0,1.0,1.0,0.0,1.0,1.0,0.0,1.0,1.0,-8.81394,115.1096954,616.825,6.0,1190516.4948958333,Padang Padang,
109,183,399833.0,Despacito Loft & Lounge - 5,4.0,6,1.0,1.0,1.0,4.0,1.0,0.0,0.0,1.0,0.0,0.0,1.0,0.0,0.0,0.0,0.0,0.0,0.0,1.0,0.0,1.0,0.0,1.0,1.0,0.0,1.0,1.0,0.0,1.0,1.0,-8.81394,115.1096954,616.825,6.0,6651337.6025,Padang Padang,
110,184,399834.0,Lumbung,4.0,18,1.0,1.0,1.0,2.0,1.0,0.0,0.0,0.0,0.0,0.0,1.0,1.0,0.0,0.0,1.0,0.0,1.0,1.0,1.0,1.0,1.0,1.0,0.0,1.0,0.0,0.0,0.0,1.0,1.0,-8.836065,115.11936,1098.55,2.0,443284.15207010566,Uluwatu,
111,186,399837.0,Raja Surga Ubud,2.0,1,1.0,1.0,1.0,2.0,1.0,0.0,0.0,1.0,0.0,0.0,1.0,0.0,0.0,0.0,1.0,0.0,0.0,0.0,0.0,0.0,0.0,1.0,1.0,1.0,1.0,1.0,0.0,1.0,1.0,-8.4584881,115.280513,2259.288483838384,1.0,801162.0,Ubud,
112,193,406732.0,Double No Balcony,4.0,179,1.0,1.0,1.0,2.0,1.0,1.0,0.0,1.0,0.0,0.0,1.0,1.0,0.0,0.0,1.0,0.0,1.0,0.0,1.0,1.0,0.0,1.0,1.0,1.0,0.0,1.0,0.0,1.0,1.0,-8.821746,115.089633,402.195,17.0,549541.7415640764,Uluwatu,
113,195,411604.0,Room,4.0,15,1.0,1.0,1.0,2.0,1.0,0.0,0.0,1.0,0.0,0.0,1.0,0.0,0.0,0.0,1.0,0.0,0.0,0.0,1.0,1.0,1.0,0.0,0.0,0.0,0.0,0.0,0.0,1.0,0.0,-8.6768119,115.566473,2259.288483838384,5.0,754350.6,Nusa Penida,
114,196,411609.0,Room,4.0,61,1.0,1.0,1.0,2.0,1.0,0.0,0.0,1.0,0.0,0.0,1.0,0.0,0.0,0.0,1.0,0.0,0.0,0.0,1.0,1.0,1.0,0.0,0.0,0.0,0.0,0.0,0.0,1.0,0.0,-8.6768119,115.566473,2259.288483838384,5.0,474478.49284153,Nusa Penida,
115,205,416992.0,Bungalow,4.0,91,1.0,1.0,1.0,2.0,1.0,0.0,0.0,1.0,0.0,0.0,1.0,0.0,0.0,0.0,0.0,0.0,1.0,0.0,1.0,1.0,1.0,1.0,0.0,0.0,1.0,1.0,0.0,1.0,0.0,-8.675,115.5445613,2259.288483838384,5.0,273148.4321336996,Nusa Penida,
116,208,417040.0,Villa Arindra,4.0,60,1.0,1.0,1.0,3.0,1.0,1.0,0.0,1.0,0.0,0.0,1.0,0.0,0.0,1.0,1.0,0.0,1.0,1.0,1.0,0.0,1.0,1.0,1.0,0.0,1.0,1.0,0.0,1.0,1.0,-8.797821,115.149441,1935.58,4.0,1740769.0518888887,Jimbaran,
117,213,420950.0,Downstairs Non Hot Water,4.0,22,1.0,1.0,1.0,2.0,1.0,1.0,1.0,0.0,0.0,0.0,1.0,1.0,0.0,0.0,1.0,0.0,0.0,0.0,1.0,1.0,1.0,1.0,1.0,1.0,0.0,0.0,0.0,1.0,1.0,-8.8063269,115.11306,48.2584,13.0,1477529.5504545453,Bingin,
118,217,424242.0,Bungalow (Non Allocation),4.0,2,1.0,1.0,1.0,2.0,1.0,0.0,1.0,1.0,0.0,0.0,1.0,0.0,0.0,1.0,1.0,0.0,1.0,0.0,0.0,1.0,0.0,1.0,0.0,1.0,1.0,1.0,0.0,1.0,0.0,-8.67666,115.514889,26.7774,4.0,640099.75,Nusa Penida,
119,219,425903.0,Villa Tortoise - Room 1,2.0,88,1.0,1.0,1.0,2.0,1.0,0.0,1.0,0.0,0.0,0.0,1.0,0.0,0.0,0.0,1.0,0.0,1.0,0.0,0.0,1.0,0.0,0.0,0.0,1.0,1.0,1.0,0.0,1.0,1.0,-8.8054876,115.1137161,21.9135,4.0,688152.7126217531,Bingin,
120,223,428380.0,Despacito Loft & Lounge - 1,4.0,113,1.0,1.0,1.0,2.0,1.0,0.0,0.0,1.0,0.0,0.0,1.0,0.0,0.0,0.0,0.0,1.0,0.0,1.0,0.0,1.0,0.0,0.0,1.0,0.0,1.0,1.0,0.0,1.0,1.0,-8.81394,115.1096954,616.825,6.0,1221518.9482321956,Padang Padang,
121,224,428381.0,Despacito Loft & Lounge - 6,4.0,101,1.0,1.0,1.0,4.0,1.0,0.0,0.0,1.0,0.0,0.0,1.0,0.0,0.0,0.0,0.0,1.0,1.0,1.0,0.0,1.0,0.0,1.0,1.0,0.0,1.0,1.0,0.0,1.0,1.0,-8.81394,115.1096954,616.825,6.0,1257471.3374832624,Padang Padang,
122,226,428585.0,Standard Twin,4.0,11,1.0,1.0,1.0,2.0,1.0,1.0,0.0,0.0,1.0,1.0,1.0,1.0,0.0,0.0,1.0,0.0,0.0,0.0,1.0,1.0,1.0,1.0,1.0,1.0,1.0,1.0,0.0,1.0,1.0,-8.822391,115.0871096,2259.288483838384,22.0,1002925.689090909,Uluwatu,
123,227,428585.0,Standard Twin,4.0,11,1.0,1.0,1.0,2.0,1.0,1.0,0.0,0.0,1.0,1.0,1.0,1.0,0.0,1.0,1.0,0.0,1.0,0.0,1.0,1.0,1.0,1.0,1.0,1.0,1.0,1.0,0.0,1.0,1.0,-8.822391,115.0871096,2259.288483838384,22.0,1002925.689090909,Uluwatu,
124,228,428587.0,Standard Twin,4.0,69,1.0,1.0,1.0,2.0,1.0,1.0,0.0,0.0,1.0,1.0,1.0,1.0,0.0,0.0,1.0,0.0,0.0,0.0,1.0,1.0,1.0,1.0,1.0,1.0,1.0,1.0,0.0,1.0,1.0,-8.822391,115.0871096,2259.288483838384,22.0,474049.4753523649,Uluwatu,
125,229,428587.0,Standard Twin,4.0,69,1.0,1.0,1.0,2.0,1.0,1.0,0.0,0.0,1.0,1.0,1.0,1.0,0.0,1.0,1.0,0.0,1.0,0.0,1.0,1.0,1.0,1.0,1.0,1.0,1.0,1.0,0.0,1.0,1.0,-8.822391,115.0871096,2259.288483838384,22.0,474049.4753523649,Uluwatu,
126,239,431114.0,2BR,2.0,65,2.0,2.0,2.0,4.0,1.0,1.0,0.0,0.0,1.0,0.0,1.0,1.0,0.0,0.0,1.0,0.0,1.0,1.0,1.0,0.0,1.0,1.0,1.0,1.0,1.0,1.0,0.0,1.0,1.0,-8.652147,115.132308,761.362,6.0,1106902.78884621,Canggu,
127,240,431874.0,Bingin Ombak Apartment - 1 Lantai 1,4.0,32,1.0,1.0,1.0,2.0,1.0,1.0,1.0,0.0,0.0,0.0,1.0,0.0,0.0,0.0,1.0,0.0,1.0,0.0,1.0,1.0,1.0,0.0,0.0,1.0,1.0,0.0,0.0,1.0,1.0,-8.805646,115.113378,15.6035,7.0,1057810.6372172618,Bingin,
128,241,431875.0,Bingin Ombak Apartment - 2 Lantai 2,4.0,48,1.0,1.0,1.0,2.0,1.0,0.0,1.0,0.0,0.0,0.0,1.0,0.0,0.0,0.0,1.0,0.0,0.0,0.0,1.0,1.0,1.0,0.0,0.0,1.0,1.0,0.0,0.0,1.0,1.0,-8.805646,115.113378,15.6035,7.0,1174965.749454365,Bingin,
129,251,434365.0,Lumbung,4.0,58,1.0,1.0,1.0,2.0,1.0,0.0,0.0,0.0,0.0,0.0,1.0,1.0,0.0,0.0,1.0,0.0,1.0,1.0,1.0,1.0,1.0,1.0,0.0,1.0,0.0,0.0,0.0,1.0,1.0,-8.836065,115.11936,1098.55,2.0,393723.4089354131,Uluwatu,
130,253,434758.0,Teges Asri Studio,4.0,97,1.0,1.0,1.0,2.0,1.0,1.0,0.0,0.0,0.0,0.0,1.0,1.0,0.0,0.0,1.0,0.0,1.0,0.0,1.0,1.0,1.0,1.0,1.0,1.0,1.0,0.0,0.0,1.0,1.0,-8.809038,115.115846,476.861,7.0,945972.8380807335,Bingin,
131,255,434895.0,Room,4.0,5,1.0,1.0,1.0,2.0,1.0,0.0,0.0,0.0,0.0,0.0,1.0,0.0,0.0,0.0,1.0,0.0,0.0,0.0,0.0,1.0,0.0,1.0,0.0,0.0,1.0,0.0,0.0,1.0,1.0,-8.675762,115.56743,121.038,5.0,1270248.0,Nusa Penida,
132,257,435112.0,Standard,4.0,8,1.0,1.0,1.0,2.0,1.0,1.0,0.0,0.0,0.0,0.0,1.0,1.0,0.0,0.0,1.0,0.0,1.0,0.0,0.0,1.0,0.0,1.0,0.0,1.0,1.0,0.0,0.0,1.0,1.0,-8.835812,115.118645,1133.15,6.0,792667.0416666663,Uluwatu,
133,258,435784.0,Downstairs Room 2A,4.0,10,1.0,1.0,1.0,2.0,1.0,1.0,0.0,1.0,0.0,0.0,1.0,1.0,0.0,0.0,1.0,0.0,1.0,1.0,1.0,1.0,1.0,1.0,0.0,1.0,0.0,1.0,0.0,1.0,1.0,-7.802683,110.360967,14402.1,6.0,1217221.8,Ngupasan,
134,260,436733.0,Lumbung,4.0,152,1.0,1.0,1.0,2.0,1.0,0.0,0.0,0.0,0.0,0.0,1.0,0.0,0.0,0.0,0.0,0.0,0.0,1.0,1.0,0.0,0.0,1.0,0.0,1.0,0.0,0.0,1.0,1.0,1.0,-8.835272,115.119866,1183.19,4.0,501588.38788135134,Uluwatu,
135,267,441267.0,Kamisama Joglo,4.0,102,1.0,1.0,1.0,2.0,1.0,0.0,0.0,0.0,0.0,0.0,1.0,0.0,0.0,0.0,1.0,0.0,1.0,1.0,0.0,1.0,0.0,1.0,1.0,1.0,1.0,1.0,1.0,1.0,1.0,-8.654761,115.13041,406.362,4.0,617490.6888422035,Canggu,
136,270,441616.0,Villa Arindra,4.0,36,1.0,1.0,1.0,3.0,1.0,1.0,0.0,1.0,0.0,0.0,1.0,0.0,0.0,1.0,1.0,0.0,1.0,1.0,1.0,0.0,1.0,1.0,1.0,0.0,1.0,1.0,0.0,1.0,1.0,-8.797821,115.149441,1935.58,4.0,1314981.5370370368,Jimbaran,
137,271,441730.0,Bungalow (Allocation),4.0,9,1.0,1.0,1.0,2.0,1.0,1.0,1.0,1.0,0.0,0.0,1.0,0.0,0.0,1.0,1.0,0.0,1.0,0.0,0.0,1.0,0.0,1.0,0.0,1.0,1.0,1.0,0.0,1.0,0.0,-8.67666,115.514889,26.7774,4.0,1234025.4444444445,Nusa Penida,
138,273,441740.0,Room,4.0,229,1.0,1.0,1.0,2.0,1.0,0.0,0.0,1.0,0.0,0.0,1.0,0.0,0.0,0.0,1.0,0.0,1.0,0.0,0.0,1.0,0.0,1.0,0.0,1.0,1.0,0.0,0.0,1.0,1.0,-8.688812,115.488442,596.384,4.0,802874.9969432314,Nusa Penida,
139,278,443739.0,Standard,4.0,3,1.0,1.0,1.0,2.0,1.0,1.0,0.0,0.0,0.0,0.0,1.0,1.0,0.0,0.0,1.0,0.0,1.0,0.0,1.0,1.0,1.0,1.0,1.0,1.0,1.0,0.0,0.0,1.0,1.0,-8.809038,115.115846,476.861,7.0,1062705.75,Bingin,
140,301,464417.0,3BR Villa 3A,2.0,16,3.0,5.0,3.0,6.0,1.0,1.0,0.0,0.0,0.0,0.0,1.0,0.0,0.0,0.0,1.0,0.0,1.0,1.0,0.0,0.0,0.0,1.0,1.0,1.0,1.0,1.0,0.0,1.0,1.0,-8.807392,115.157375,2755.41,3.0,2540450.7,Ungasan,
141,309,472846.0,3BR Villa 3A,2.0,14,3.0,5.0,3.0,6.0,1.0,1.0,0.0,0.0,0.0,0.0,1.0,0.0,0.0,0.0,1.0,0.0,1.0,1.0,0.0,0.0,0.0,1.0,1.0,1.0,1.0,1.0,0.0,1.0,1.0,-8.807392,115.157375,2755.41,3.0,1164088.9298701298,Ungasan,
