unit_id,average_baseline_price,number_of_bookings,property_id,bedroom,bathroom,beds,capacity,ac,balcony,beachfront,breakfast,building_staff,cable_tv,essentials,garden,gym,hair_dryer,hanger,heating,hot_water,kitchen,linens,lock,luggage_drop_off,parking,pool,private_entrance,shampoo,tv,washer,wifi,workspace,property_type,property_design,lat,lng,area_id,area_name
UN0026,318635.2804748905,14,PR0017,1,1,1,2,1,1,0,0,0,0,1,0,0,0,1,0,0,1,0,1,1,1,1,1,0,0,0,1,1,4,0,-8.6562111,115.1328668,A0003,Canggu
UN0027,266803.5418657769,8,PR0017,1,1,1,2,1,0,0,0,0,0,1,0,0,0,1,0,1,1,0,1,0,1,1,1,0,0,0,1,1,4,0,-8.6562111,115.1328668,A0003,Canggu
UN0153,635729.266773839,26,PR0170,1,1,1,2,1,1,0,0,0,0,1,1,0,0,1,0,1,0,1,0,1,1,1,0,0,0,0,1,1,4,0,,,A0008,Bingin
UN0154,465506.392683271,20,PR0170,1,1,1,2,1,1,0,0,0,0,1,1,0,0,1,0,1,0,1,0,1,1,1,0,0,0,0,1,1,4,0,,,A0008,Bingin
UN0155,528396.1131025641,26,PR0170,1,1,1,2,1,1,0,0,0,0,1,1,0,0,1,0,1,0,1,1,1,1,1,1,0,0,0,1,1,4,0,,,A0008,Bingin
UN0156,539729.5956245421,13,PR0170,1,1,1,2,1,1,0,0,0,0,1,1,0,0,1,0,1,0,1,1,1,1,1,1,0,0,0,1,1,4,0,,,A0008,Bingin
UN0157,536638.6475037594,19,PR0170,1,1,1,2,1,1,0,0,0,0,1,1,0,0,1,0,1,0,1,1,1,1,1,1,0,0,0,1,1,4,0,,,A0008,Bingin
UN0158,518742.7524209799,23,PR0170,1,1,1,3,1,1,0,0,1,0,1,1,0,0,1,0,1,0,1,1,1,1,1,1,0,0,0,1,1,4,0,,,A0008,Bingin
UN0159,653744.0771543385,23,PR0170,1,1,1,2,1,1,0,0,0,0,1,1,0,0,1,0,1,0,1,1,1,1,1,1,0,0,0,1,1,4,0,,,A0008,Bingin
UN0161,645090.8425710252,34,PR0170,1,1,1,2,1,1,0,0,0,0,1,1,0,0,1,0,1,0,1,1,1,1,1,1,0,0,0,1,1,4,0,,,A0008,Bingin
UN0162,627175.2979211129,40,PR0170,1,1,1,2,1,1,0,0,0,0,1,1,0,0,1,0,1,0,1,1,0,1,1,1,0,0,0,1,1,4,0,,,A0008,Bingin
UN0165,734320.2441122115,190,PR0120,1,2,1,2,0,0,1,0,0,0,1,0,0,0,1,0,0,0,0,1,1,0,0,1,0,0,0,1,1,4,0,-8.805646,115.113378,A0008,Bingin
UN0219,382629.4766697678,24,PR0126,1,1,1,2,1,1,0,0,1,0,1,1,0,0,1,0,1,0,1,0,1,1,1,1,0,0,0,1,1,4,0,-8.6464854,115.1504805,A0003,Canggu
UN0221,496517.173169455,21,PR0126,1,1,1,2,1,1,0,0,1,0,1,1,0,0,1,0,1,0,1,0,1,1,1,1,0,0,0,1,1,4,0,-8.6464854,115.1504805,A0003,Canggu
UN0222,406826.5706738261,78,PR0126,1,1,1,2,1,1,0,0,1,1,1,1,0,0,0,0,1,0,1,0,1,1,1,1,0,1,0,1,1,4,0,-8.6464854,115.1504805,A0003,Canggu
UN0224,421475.77605229017,69,PR0126,1,1,1,2,1,1,0,0,1,0,1,1,0,0,1,0,1,0,1,0,1,1,1,1,0,0,0,1,1,4,0,-8.6464854,115.1504805,A0003,Canggu
UN0225,419860.6517402596,22,PR0126,1,1,1,2,1,1,0,0,1,0,1,1,0,0,1,0,1,0,1,0,1,1,1,1,0,0,0,1,1,4,0,-8.6464854,115.1504805,A0003,Canggu
UN0226,416195.6909915353,58,PR0126,1,1,1,2,1,1,0,0,1,0,1,1,0,0,1,0,1,0,1,0,1,1,1,1,0,0,0,1,1,4,0,-8.6464854,115.1504805,A0003,Canggu
UN0227,418996.3644316108,5,PR0126,1,1,1,2,1,1,0,0,1,0,1,1,0,0,1,0,1,0,1,0,1,1,1,1,0,0,0,1,1,4,0,-8.6464854,115.1504805,A0003,Canggu
UN0228,386798.210210258,49,PR0126,1,1,1,2,1,1,0,0,1,0,1,1,0,0,1,0,1,0,1,0,1,1,1,1,0,0,0,1,1,4,0,-8.6464854,115.1504805,A0003,Canggu
UN0236,1020651.5753534945,62,PR0229,1,1,1,2,1,1,0,1,1,1,1,1,0,0,1,0,1,0,1,1,1,1,1,1,1,1,0,1,1,4,0,,,A0013,Padang Padang
UN0237,1043274.2492812499,32,PR0229,1,1,1,2,1,1,0,1,0,1,1,1,0,0,1,0,1,0,1,0,1,1,1,0,1,1,0,1,1,4,0,,,A0013,Padang Padang
UN0238,983721.3898903509,38,PR0229,1,1,1,2,1,1,0,1,0,1,1,1,0,0,1,0,1,0,1,0,1,1,1,0,1,1,0,1,1,4,0,,,A0013,Padang Padang
UN0240,516210.54368689447,15,PR0229,1,1,1,2,1,1,0,1,1,1,1,1,0,0,1,0,1,0,1,0,1,1,1,0,1,1,0,1,1,4,0,,,A0013,Padang Padang
UN0243,540196.944605442,7,PR0229,1,1,1,2,1,1,0,1,0,1,1,1,0,0,1,0,1,0,1,1,1,1,1,1,0,1,0,1,1,4,0,,,A0013,Padang Padang
UN0244,968179.525386111,30,PR0229,1,1,1,2,1,1,0,1,0,0,1,1,0,0,1,0,1,0,1,0,1,1,1,0,1,1,0,1,1,4,0,,,A0013,Padang Padang
UN0248,633203.8911666665,10,PR0229,1,1,1,2,1,1,0,1,0,0,1,1,0,0,1,0,1,0,1,0,1,1,1,1,1,1,0,1,0,4,0,,,A0013,Padang Padang
UN0250,573141.3257619047,29,PR0229,1,1,1,2,1,1,0,1,1,1,1,1,0,0,1,0,1,0,1,0,1,1,1,1,1,1,0,1,1,4,0,,,A0013,Padang Padang
UN0256,1484846.7056023886,14,PR0276,3,3,3,6,1,1,0,1,0,0,1,1,0,0,1,0,1,1,1,0,1,1,1,1,1,1,0,1,1,2,0,,,A0011,Ungasan
UN0257,1328022.2245337402,23,PR0276,3,3,3,6,1,1,0,1,0,0,1,1,0,1,1,0,1,1,1,0,1,1,1,1,1,1,0,1,1,2,0,,,A0011,Ungasan
UN0258,2227152.2321293997,23,PR0276,4,5,4,8,1,1,0,1,0,0,1,1,0,0,1,0,1,1,0,0,0,1,1,1,1,1,0,1,1,2,0,,,A0011,Ungasan
UN0259,1575416.0519413918,13,PR0276,3,3,3,6,1,1,0,1,0,0,1,1,0,0,1,0,1,1,0,0,0,1,1,1,1,1,0,1,1,2,0,,,A0011,Ungasan
UN0264,335892.7037811757,22,PR0181,1,1,1,2,1,0,0,0,1,1,1,0,0,1,1,0,1,1,0,1,1,1,1,1,0,1,0,1,1,4,0,,,A0011,Ungasan
UN0265,338423.7766680537,13,PR0181,1,1,1,2,1,0,0,0,1,0,1,0,0,1,1,0,1,1,0,1,1,1,1,1,0,1,0,1,1,4,0,,,A0011,Ungasan
UN0266,356698.1983791208,13,PR0181,1,1,1,2,1,1,0,0,1,0,1,1,0,1,1,0,1,1,1,0,1,1,1,0,1,1,0,1,1,4,0,,,A0011,Ungasan
UN0347,674086.5050920659,21,PR0160,1,1,1,2,1,0,0,0,1,0,1,1,0,0,1,0,1,1,1,1,1,1,1,0,0,1,0,1,1,4,0,-8.6509795,115.1367864,A0003,Canggu
UN0348,1645186.2639285715,7,PR0160,1,1,1,2,1,1,0,0,1,0,1,1,0,0,1,0,1,1,1,1,0,1,1,1,1,1,0,1,1,4,0,-8.6509795,115.1367864,A0003,Canggu
UN0349,1183814.856575011,11,PR0160,1,1,1,2,1,0,0,0,1,1,1,0,0,0,1,0,1,1,1,1,1,1,1,1,0,1,0,1,1,4,0,-8.6509795,115.1367864,A0003,Canggu
UN0351,4755535.621495379,7,PR0160,1,1,1,2,1,0,0,0,0,0,1,0,0,0,1,0,1,1,1,1,1,1,1,0,0,1,0,1,1,4,0,-8.6509795,115.1367864,A0003,Canggu
UN0354,1525564.1385714284,7,PR0160,1,1,1,2,1,1,0,0,1,0,1,1,0,0,1,0,1,0,0,0,1,1,1,0,0,1,0,1,1,4,0,-8.6509795,115.1367864,A0003,Canggu
UN0366,1185775.6601628945,228,PR0282,1,1,1,2,1,1,0,0,0,0,1,1,0,0,1,0,0,0,1,1,1,0,1,1,0,0,0,1,1,4,0,-8.8063269,115.11306,A0008,Bingin
UN0367,1157959.289857223,212,PR0282,1,1,1,2,1,1,1,0,0,0,1,1,0,0,1,0,0,0,1,1,1,1,1,1,1,0,0,1,1,4,0,-8.8063269,115.11306,A0008,Bingin
UN0368,1141745.6273206067,198,PR0282,1,1,1,2,1,1,1,0,0,0,1,1,0,0,1,0,0,0,1,1,1,1,1,1,0,0,0,1,1,4,0,-8.8063269,115.11306,A0008,Bingin
UN0370,1168793.298489569,105,PR0282,1,1,1,2,1,1,1,0,0,0,1,1,0,0,1,0,0,0,1,1,1,1,1,1,0,0,0,1,1,4,0,-8.8063269,115.11306,A0008,Bingin
UN0371,1286461.433956349,42,PR0282,1,1,1,2,1,1,0,0,0,0,1,1,0,0,1,0,0,0,1,1,0,0,1,1,0,0,0,1,1,4,0,-8.8063269,115.11306,A0008,Bingin
UN0372,1137974.7202740654,186,PR0282,1,1,1,2,1,1,0,0,0,0,1,1,0,0,1,0,0,0,1,1,0,1,1,1,0,0,0,1,1,4,0,-8.8063269,115.11306,A0008,Bingin
UN0373,1140858.4993602608,168,PR0282,1,1,1,2,1,1,1,0,0,0,1,1,0,0,1,0,0,0,1,0,1,1,1,1,0,0,0,1,1,4,0,-8.8063269,115.11306,A0008,Bingin
UN0374,1126543.5462970934,178,PR0282,1,1,1,2,1,1,1,0,0,0,1,1,0,0,1,0,0,0,1,1,1,1,1,1,0,0,0,1,1,4,0,-8.8063269,115.11306,A0008,Bingin
UN0375,1237920.927995169,138,PR0282,1,1,1,2,1,1,0,0,0,0,1,1,0,0,1,0,0,0,1,1,1,1,1,1,0,0,0,1,1,4,0,-8.8063269,115.11306,A0008,Bingin
UN0376,987111.1538897877,76,PR0282,1,1,1,2,1,1,1,0,0,0,1,1,0,0,1,0,0,0,1,1,1,1,1,1,0,0,0,1,1,4,0,-8.8063269,115.11306,A0008,Bingin
UN0382,846477.8082483019,307,PR0188,1,1,1,2,1,0,0,1,1,1,1,0,0,1,1,0,1,0,0,0,1,1,1,1,1,1,1,1,1,4,3,-8.8284397,115.0879669,A0002,Uluwatu
UN0383,704832.703484432,136,PR0188,1,1,1,2,1,0,0,1,1,0,1,0,0,0,1,0,1,0,1,0,1,1,1,1,1,1,0,1,1,4,3,-8.8284397,115.0879669,A0002,Uluwatu
UN0384,961182.664194033,228,PR0188,1,1,1,2,1,0,0,1,1,1,1,0,0,1,1,0,1,0,0,0,1,1,1,0,1,1,0,1,1,4,3,-8.8284397,115.0879669,A0002,Uluwatu
UN0385,986541.3213400323,186,PR0188,1,1,1,2,1,0,0,1,1,0,1,0,0,1,1,0,0,0,0,1,0,1,1,1,1,1,0,1,1,4,3,-8.8284397,115.0879669,A0002,Uluwatu
UN0386,826606.3510056026,294,PR0188,1,1,1,2,1,1,0,1,0,0,1,1,0,1,1,0,1,0,1,0,1,1,1,1,1,1,0,1,1,4,3,-8.8284397,115.0879669,A0002,Uluwatu
UN0470,1300735.9415999998,5,PR0140,1,1,1,2,1,0,0,1,1,0,1,0,0,0,1,0,1,1,0,1,1,1,1,1,1,1,1,1,1,4,0,,,A0003,Canggu
UN0471,978426.2067755101,7,PR0140,1,1,1,2,1,0,0,1,1,0,1,0,0,0,1,0,0,1,0,1,1,1,1,1,1,1,0,1,1,4,0,,,A0003,Canggu
UN0601,1108011.3333566615,197,PR0241,2,2,2,4,1,1,0,0,1,0,1,1,0,0,1,0,1,1,1,0,1,1,1,1,1,1,0,1,1,2,0,-8.652147,115.132308,A0003,Canggu
UN0602,920410.6559181279,174,PR0241,1,1,1,2,1,1,0,0,0,0,1,1,0,0,1,0,1,1,1,0,1,1,1,1,1,1,0,1,1,2,0,-8.652147,115.132308,A0003,Canggu
UN0603,926968.9046355402,193,PR0241,1,1,1,2,1,1,0,0,1,0,1,0,0,0,1,0,1,1,0,0,0,1,1,1,1,1,0,1,1,2,0,-8.652147,115.132308,A0003,Canggu
UN0604,918646.0509495308,165,PR0241,1,1,1,2,1,1,0,0,1,0,1,1,0,0,1,0,1,1,0,0,1,1,1,1,1,1,0,1,1,2,0,-8.652147,115.132308,A0003,Canggu
UN0605,938989.1734378103,195,PR0241,1,1,1,2,1,1,0,0,1,0,1,1,0,0,1,0,1,1,1,0,1,1,1,1,1,1,0,1,1,2,0,-8.652147,115.132308,A0003,Canggu
UN0671,5507444.948027102,94,PR0242,3,4,3,8,1,1,1,0,1,1,1,1,0,1,1,0,1,1,1,0,1,1,1,1,1,1,1,1,1,2,0,-8.8358803,115.2066574,A0012,Nusa Dua
UN0672,5412901.238808457,227,PR0196,3,3,3,8,1,1,1,0,0,1,1,1,0,1,1,0,1,1,1,0,1,1,1,1,1,1,1,1,1,2,0,-8.8361902,115.2066422,A0012,Nusa Dua
UN0677,481839.3933823529,85,PR0294,1,1,1,2,1,1,0,1,0,0,1,1,0,0,1,0,1,1,1,1,1,1,0,1,0,1,0,1,1,4,0,-7.802683,110.360967,A0043,Ngupasan
UN0678,496855.4643881856,79,PR0294,1,1,1,3,1,1,0,1,0,0,1,1,0,0,1,0,1,1,1,0,1,1,0,0,1,1,0,1,1,4,0,-7.802683,110.360967,A0043,Ngupasan
UN0679,497494.1893214285,100,PR0294,1,1,1,3,1,1,0,1,0,0,1,1,0,0,1,0,1,1,1,1,1,1,0,1,1,1,0,1,1,4,0,-7.802683,110.360967,A0043,Ngupasan
UN0679,497494.1893214285,100,PR0294,1,1,1,3,1,1,0,1,0,0,1,1,0,0,1,0,0,1,1,0,1,1,0,0,1,1,1,1,1,4,0,-7.802683,110.360967,A0043,Ngupasan
UN0680,446585.6353893129,131,PR0294,1,1,1,2,1,1,0,1,1,0,1,1,0,0,1,0,1,1,1,0,1,1,0,0,1,1,0,1,1,4,0,-7.802683,110.360967,A0043,Ngupasan
UN1417,972399.3369142857,35,PR0055,3,2,3,7,1,1,0,0,0,0,1,1,0,0,1,0,1,1,1,0,0,1,0,1,0,1,1,0,1,1,0,-7.8317661,110.3806358,A0001,Yogyakarta
UN1471,832810.3760172413,29,PR0051,3,2,3,6,1,0,0,0,0,0,1,0,0,0,1,0,0,1,1,0,0,1,0,1,0,1,0,1,1,1,0,,,A0044,Banguntapan
UN1536,753970.738390677,166,PR0120,1,2,1,2,0,1,1,0,0,0,1,1,0,0,1,0,0,0,1,1,1,0,0,1,1,0,0,1,1,4,0,-8.805646,115.113378,A0008,Bingin
UN1537,775996.1948229801,149,PR0120,1,3,1,2,0,1,1,0,0,0,1,0,0,0,1,0,0,0,1,1,1,0,0,1,1,0,0,1,1,4,0,-8.805646,115.113378,A0008,Bingin
UN1538,766267.9746554877,164,PR0120,1,1,1,2,0,0,1,0,0,0,1,0,0,0,1,0,0,0,0,1,0,0,0,1,0,0,0,1,1,4,0,-8.805646,115.113378,A0008,Bingin
UN1539,1052370.8187414699,108,PR0120,1,1,1,2,1,1,1,0,0,0,1,0,0,0,1,0,1,0,1,1,1,0,0,1,1,0,0,1,1,4,0,-8.805646,115.113378,A0008,Bingin
UN1540,1285208.7060794546,137,PR0120,1,1,1,2,1,0,1,0,0,0,1,0,0,0,1,0,0,0,1,1,1,0,0,1,1,0,0,1,1,4,0,-8.805646,115.113378,A0008,Bingin
UN1590,492083.6726035239,47,PR0170,1,1,1,2,1,1,0,0,0,0,1,1,0,0,1,0,1,0,1,1,1,1,1,1,1,0,0,1,1,4,0,,,A0008,Bingin
UN1591,637749.8819005642,20,PR0170,1,1,1,2,1,1,0,0,0,0,1,1,0,0,0,0,1,0,1,1,1,1,1,1,0,0,0,1,1,4,0,,,A0008,Bingin
UN1592,540334.5224472516,33,PR0170,1,1,1,2,1,1,0,0,0,0,1,1,0,0,1,0,1,1,1,1,1,1,1,1,0,0,0,1,1,4,0,,,A0008,Bingin
UN1722,441909.80374537024,126,PR0314,1,1,1,2,1,1,0,0,0,0,1,1,0,0,1,0,1,0,0,1,0,1,0,1,1,0,0,1,1,4,1,-8.835812,115.118645,A0002,Uluwatu
UN1724,501263.3054574608,138,PR0314,1,1,1,2,1,1,0,0,0,0,1,1,0,0,1,0,1,0,0,1,0,1,0,1,1,0,0,1,1,4,1,-8.835812,115.118645,A0002,Uluwatu
UN1729,489224.12274399033,117,PR0314,1,1,1,2,1,1,0,0,0,0,1,1,0,0,1,0,1,0,0,1,0,1,0,1,1,0,0,1,0,4,1,-8.835812,115.118645,A0002,Uluwatu
UN1730,539980.2325907042,115,PR0314,1,1,1,2,1,1,0,0,0,0,1,1,0,0,0,0,1,0,0,1,0,1,0,1,1,1,0,1,1,4,1,-8.835812,115.118645,A0002,Uluwatu
UN1732,1871222.6365151515,11,PR0316,5,3,5,5,1,1,0,0,0,0,1,0,0,0,1,0,0,1,0,0,0,1,0,1,1,1,0,1,1,1,1,,,A0001,Yogyakarta
UN1827,940978.160625,8,PR0340,1,1,1,2,1,0,0,1,0,0,1,0,0,1,1,0,0,0,0,1,0,1,0,0,1,1,0,1,1,4,1,,,A0039,Tamantirto
UN1828,1020461.805,6,PR0340,1,1,1,2,1,0,0,1,0,0,1,0,0,1,1,0,0,0,0,1,0,1,0,0,1,1,0,1,1,4,1,,,A0039,Tamantirto
UN1862,250967.24583333332,27,PR0345,1,1,1,2,1,0,0,1,0,0,1,0,0,0,1,0,1,0,1,1,0,1,0,1,0,0,0,1,1,4,1,-8.6788807,115.4900163,A0020,Nusa Penida
UN1863,247819.61636363636,11,PR0345,1,1,1,2,1,1,0,1,0,0,1,0,0,0,1,0,1,0,0,1,0,1,0,1,0,0,0,1,1,4,1,-8.6788807,115.4900163,A0020,Nusa Penida
UN1864,367839.14005588816,167,PR0345,1,1,1,2,1,0,0,1,0,0,1,0,0,0,1,0,1,0,0,1,0,1,0,1,0,0,0,1,1,4,1,-8.6788807,115.4900163,A0020,Nusa Penida
UN1865,437102.97901474923,113,PR0345,1,1,1,2,1,0,0,1,0,0,1,0,0,0,1,1,1,0,0,1,0,1,0,1,0,0,0,1,1,4,1,-8.6788807,115.4900163,A0020,Nusa Penida
UN1944,1236396.9876557041,299,PR0363,1,1,1,4,1,0,0,1,0,0,1,0,0,0,0,0,0,1,0,1,0,1,1,0,1,1,0,1,1,4,3,-8.81394,115.1096954,A0013,Padang Padang
UN1945,1177827.2160318748,241,PR0363,1,1,1,2,1,0,0,1,0,0,1,0,0,0,0,0,1,1,0,1,0,0,1,0,1,1,0,1,1,4,3,-8.81394,115.1096954,A0013,Padang Padang
UN1946,1256243.9887736917,252,PR0363,1,1,1,2,1,0,0,1,0,0,1,0,0,0,0,1,0,1,0,1,0,0,1,0,1,1,0,1,1,4,3,-8.81394,115.1096954,A0013,Padang Padang
UN1947,1200784.7767038282,243,PR0363,1,1,1,2,1,0,0,1,0,0,1,0,0,0,0,0,1,1,0,1,0,0,1,0,1,1,0,1,1,4,3,-8.81394,115.1096954,A0013,Padang Padang
UN1948,1148705.3163531113,264,PR0363,1,1,1,2,1,0,0,1,0,0,1,0,0,0,0,0,1,1,0,1,0,0,1,0,1,1,0,1,1,4,3,-8.81394,115.1096954,A0013,Padang Padang
UN1949,1382741.3863727094,209,PR0363,1,1,1,4,1,0,0,1,0,0,1,0,0,0,0,1,1,1,0,1,0,1,1,0,1,1,0,1,1,4,3,-8.81394,115.1096954,A0013,Padang Padang
UN1970,521758.73306146567,141,PR0366,1,1,1,2,1,0,0,0,0,0,1,0,0,0,1,0,0,0,0,1,0,1,0,0,1,0,0,1,1,4,1,-8.675762,115.56743,A0020,Nusa Penida
UN1974,558721.6732859077,123,PR0366,1,1,1,2,1,1,0,1,0,0,1,1,0,0,1,0,1,0,0,1,0,1,0,1,1,0,0,1,0,4,1,-8.675762,115.56743,A0020,Nusa Penida
UN1975,518554.420765432,135,PR0366,1,1,1,2,1,0,0,1,0,0,1,0,0,0,0,0,0,0,0,1,0,1,0,1,1,0,0,1,1,4,1,-8.675762,115.56743,A0020,Nusa Penida
UN1976,599667.950117845,99,PR0366,1,1,1,2,1,0,0,1,0,0,1,0,0,0,1,0,1,0,0,1,0,1,0,1,1,0,0,1,1,4,1,-8.675762,115.56743,A0020,Nusa Penida
UN1977,602162.4271683672,98,PR0366,1,1,1,2,1,0,0,1,0,0,1,0,0,0,1,0,0,0,0,1,0,1,0,1,1,0,0,1,1,4,1,-8.675762,115.56743,A0020,Nusa Penida
UN1999,2875903.2390887444,55,PR0370,3,3,3,4,1,1,0,1,0,1,1,1,0,1,1,0,1,1,0,0,1,1,1,1,1,1,0,1,1,1,4,-7.7287222,110.3845639,A0038,Sinduharjo
UN2000,877558.6258888888,45,PR0371,1,1,1,2,1,1,0,1,0,0,1,0,0,0,1,0,0,0,1,1,0,1,0,1,1,0,0,1,1,4,1,-8.709399,115.586846,A0020,Nusa Penida
UN2001,575502.6518163573,295,PR0371,1,1,1,2,1,0,1,1,0,0,1,0,0,0,1,0,0,0,0,1,0,1,0,1,1,1,0,1,1,4,1,-8.709399,115.586846,A0020,Nusa Penida
UN2002,893484.5435984848,44,PR0371,1,1,1,2,1,1,0,1,0,0,1,0,0,0,1,0,1,0,0,1,0,1,0,1,1,1,0,1,1,4,1,-8.709399,115.586846,A0020,Nusa Penida
UN2003,663537.5125869565,230,PR0371,1,1,1,2,1,1,1,1,0,0,1,0,0,0,1,0,1,0,0,1,0,1,0,1,1,1,0,1,1,4,1,-8.709399,115.586846,A0020,Nusa Penida
UN2014,638629.4955555554,6,PR0327,2,2,2,6,1,0,0,1,0,0,1,0,0,1,1,0,0,1,0,1,0,1,0,0,1,1,1,1,1,4,4,-7.7606247,110.3715589,A0001,Yogyakarta
UN2028,345267.64151515136,11,PR0380,1,1,1,2,1,0,1,1,0,0,1,0,0,0,1,0,1,0,1,1,0,1,1,1,1,1,0,1,1,4,4,,,A0020,Nusa Penida
UN2031,351025.4986904761,7,PR0380,1,1,1,2,1,1,1,1,0,0,1,1,0,0,1,0,1,0,1,1,1,1,1,1,1,1,0,1,1,4,4,,,A0020,Nusa Penida
UN2046,522008.0,5,PR0383,1,1,1,2,1,0,1,1,0,0,1,0,0,0,1,0,0,0,0,1,0,1,0,1,1,1,0,1,1,4,3,-8.688048,115.579662,A0020,Nusa Penida
UN2047,535703.473,5,PR0383,1,1,1,2,1,0,1,1,0,0,1,0,0,0,1,0,0,0,0,1,0,1,0,1,1,1,0,1,1,4,3,-8.688048,115.579662,A0020,Nusa Penida
UN2050,513390.59173076914,13,PR0383,2,2,2,4,1,0,1,1,0,0,1,0,0,0,0,0,0,0,0,1,0,1,0,0,1,1,0,1,1,4,3,-8.688048,115.579662,A0020,Nusa Penida
UN2052,412599.00698005693,117,PR0383,2,1,2,4,1,0,1,1,0,0,1,0,0,0,1,0,0,0,0,1,0,1,0,1,1,1,0,1,1,4,3,-8.688048,115.579662,A0020,Nusa Penida
UN2053,399016.86202160484,54,PR0383,2,1,2,4,1,1,1,1,0,0,1,0,0,0,1,0,1,0,0,1,0,1,0,0,1,1,0,1,1,4,3,-8.688048,115.579662,A0020,Nusa Penida
UN2057,543986.2177777777,27,PR0385,1,1,1,2,1,1,0,1,0,0,1,0,0,0,0,0,0,0,0,1,0,1,0,1,1,0,0,1,1,4,1,-8.6886037,115.5769353,A0020,Nusa Penida
UN2058,543402.3896296296,27,PR0385,1,1,1,2,1,1,0,1,0,0,1,1,0,0,1,0,0,0,0,1,0,1,0,1,1,0,0,1,1,4,1,-8.6886037,115.5769353,A0020,Nusa Penida
UN2059,482778.65308333334,16,PR0385,1,1,1,2,1,0,0,1,0,0,1,0,0,0,0,0,0,0,0,1,1,1,0,0,1,0,0,1,1,4,1,-8.6886037,115.5769353,A0020,Nusa Penida
UN2060,355109.250269151,23,PR0385,1,1,1,2,1,1,0,1,0,0,1,1,0,0,1,0,0,0,0,1,0,1,0,1,1,0,0,1,0,4,1,-8.6886037,115.5769353,A0020,Nusa Penida
UN2062,227883.71611111084,6,PR0385,1,1,1,2,1,0,0,1,0,0,1,0,0,0,1,0,1,0,1,1,1,1,0,1,1,0,0,1,1,4,1,-8.6886037,115.5769353,A0020,Nusa Penida
UN2064,219289.6096666666,5,PR0385,1,1,1,2,1,1,0,1,0,0,1,1,0,0,1,0,0,0,1,1,1,1,0,1,1,0,0,1,1,4,1,-8.6886037,115.5769353,A0020,Nusa Penida
UN2153,668114.5047080271,188,PR0404,1,1,1,2,1,0,0,0,0,0,1,0,0,0,1,0,1,1,0,1,0,1,1,1,1,1,1,1,1,4,4,-8.654761,115.13041,A0003,Canggu
UN2160,634361.2811311104,167,PR0404,1,1,1,2,1,0,0,0,0,0,1,1,0,0,1,0,1,1,0,1,0,1,1,1,1,1,1,1,1,4,4,-8.654761,115.13041,A0003,Canggu
UN2192,486856.8572944444,210,PR0345,1,1,1,2,1,0,0,1,0,0,1,0,0,0,1,0,1,0,0,1,0,1,0,1,0,0,0,1,1,4,1,-8.6788807,115.4900163,A0020,Nusa Penida
UN2193,494737.94625,170,PR0345,1,1,1,2,1,0,0,1,0,0,1,0,0,0,1,0,1,0,0,1,0,1,0,1,0,0,0,1,1,4,1,-8.6788807,115.4900163,A0020,Nusa Penida
UN2194,518568.55687681155,115,PR0345,1,1,1,2,1,0,0,1,0,0,1,0,0,0,1,0,1,0,0,1,0,1,0,1,0,0,0,1,1,4,1,-8.6788807,115.4900163,A0020,Nusa Penida
UN2195,353511.5782442748,131,PR0345,1,1,1,2,1,0,0,1,0,0,1,0,0,0,1,1,1,0,0,1,0,1,0,1,0,0,0,1,1,4,1,-8.6788807,115.4900163,A0020,Nusa Penida
UN2196,1978851.249854989,103,PR0412,5,5,5,0,1,0,0,0,0,0,1,0,0,0,1,0,0,1,0,0,0,1,1,0,1,1,1,1,1,2,4,-8.824442,115.163821,A0011,Ungasan
UN2219,424619.1405660377,54,PR0419,1,1,1,2,1,0,0,1,0,0,1,0,0,0,1,0,0,0,1,1,1,0,0,0,0,0,0,1,0,4,1,-8.6768119,115.566473,A0020,Nusa Penida
UN2250,1260305.9880666293,159,PR0424,3,5,3,6,1,0,0,0,0,0,1,0,0,0,1,0,0,1,0,0,0,1,1,1,0,1,0,1,1,2,4,-8.631898,115.13356,A0003,Canggu
UN2255,808834.2727236111,120,PR0427,1,1,1,2,1,0,1,1,0,0,1,0,0,1,1,0,1,0,0,1,0,1,0,1,1,1,0,1,0,4,3,-8.67666,115.514889,A0020,Nusa Penida
UN2256,765366.9194003808,176,PR0427,1,1,1,2,1,1,1,1,0,0,1,0,0,1,1,0,1,0,0,1,0,1,0,1,1,1,0,1,0,4,3,-8.67666,115.514889,A0020,Nusa Penida
UN2257,716808.4306626217,259,PR0427,1,1,1,2,1,1,1,1,0,0,1,0,0,1,1,0,1,0,0,1,0,1,0,1,1,1,0,1,0,4,3,-8.67666,115.514889,A0020,Nusa Penida
UN2260,765180.5267203196,219,PR0427,1,1,1,2,1,1,1,1,0,0,1,0,0,1,1,0,1,0,0,1,0,1,0,1,1,1,0,1,0,4,3,-8.67666,115.514889,A0020,Nusa Penida
UN2270,4945951.966,10,PR0437,4,5,4,8,1,1,1,1,0,1,1,0,0,1,1,0,1,1,0,0,1,1,1,1,1,1,0,1,1,2,5,,,A0012,Nusa Dua
UN2294,603378.4973333332,5,PR0446,1,1,1,2,1,1,0,1,0,1,1,1,0,1,1,0,1,0,0,1,0,0,1,0,1,1,0,1,1,4,1,-8.676092,115.5474495,A0020,Nusa Penida
UN2295,575422.6653333332,5,PR0446,1,1,1,2,1,1,1,1,0,1,1,1,0,1,1,0,1,0,0,1,1,0,1,0,1,1,0,1,1,4,1,-8.676092,115.5474495,A0020,Nusa Penida
UN2296,399035.91802898544,115,PR0447,1,1,1,2,1,0,0,1,0,0,1,0,0,0,0,0,1,0,1,1,1,1,0,0,1,1,0,1,0,4,2,-8.675,115.5445613,A0020,Nusa Penida
UN2306,462158.5789833333,90,PR0447,1,1,1,2,1,0,0,1,0,0,1,0,0,0,1,0,1,0,1,1,1,1,0,0,1,1,0,1,1,4,2,-8.675,115.5445613,A0020,Nusa Penida
UN2307,440449.7416975308,81,PR0447,1,1,1,2,1,0,0,1,0,0,1,0,0,0,1,0,1,0,0,1,0,1,0,0,0,0,0,1,0,4,2,-8.675,115.5445613,A0020,Nusa Penida
UN2308,275447.6231994047,56,PR0447,1,1,1,2,1,0,0,1,0,0,1,0,0,0,1,0,1,0,1,1,1,1,0,0,1,1,0,1,1,4,2,-8.675,115.5445613,A0020,Nusa Penida
UN2333,454814.3218208874,44,PR0446,1,1,1,2,1,0,1,1,0,1,1,1,0,1,1,0,1,0,0,1,1,1,1,0,1,1,0,1,1,4,1,-8.676092,115.5474495,A0020,Nusa Penida
UN2355,1508423.7782351659,133,PR0417,3,5,3,6,1,1,0,0,0,0,1,0,0,0,1,0,1,1,0,0,0,1,1,1,1,1,0,1,1,2,4,-8.807392,115.157375,A0011,Ungasan
UN2357,362545.3872217189,86,PR0467,1,1,1,2,1,1,0,0,0,0,1,0,0,1,0,0,1,1,0,1,1,1,1,0,1,0,0,1,0,4,1,-8.650003,115.133906,A0003,Canggu
UN2358,375294.6195272291,121,PR0467,1,1,1,2,1,0,0,0,0,0,1,0,0,1,0,0,1,1,0,1,0,0,1,0,1,0,0,1,0,4,1,-8.650003,115.133906,A0003,Canggu
UN2359,374858.76571030327,119,PR0467,1,1,1,2,1,1,0,0,0,0,1,0,0,1,0,0,1,1,1,1,1,1,1,0,1,0,0,1,0,4,1,-8.650003,115.133906,A0003,Canggu
UN2360,376069.9452904658,82,PR0467,1,1,1,2,1,1,0,0,0,0,1,0,0,1,0,0,1,1,1,0,1,1,1,0,1,0,0,1,0,4,1,-8.650003,115.133906,A0003,Canggu
UN2361,390013.0140472144,107,PR0467,1,1,1,2,1,1,0,0,0,0,1,0,0,1,0,0,1,1,0,1,1,1,1,0,1,0,0,1,0,4,1,-8.650003,115.133906,A0003,Canggu
UN2362,389308.5029687096,88,PR0467,1,1,1,2,1,1,0,0,0,0,1,0,0,1,0,0,1,1,1,1,1,1,1,0,1,0,0,1,0,4,1,-8.650003,115.133906,A0003,Canggu
UN2363,375934.47282001673,90,PR0467,1,1,1,2,1,1,0,0,0,0,1,0,0,1,0,0,1,1,1,1,1,1,1,0,1,0,0,1,0,4,1,-8.650003,115.133906,A0003,Canggu
UN2371,470614.8804937931,144,PR0314,1,1,1,2,1,0,0,0,0,0,1,1,0,0,1,0,1,1,0,1,0,1,0,1,1,0,0,1,1,4,1,-8.835812,115.118645,A0002,Uluwatu
UN2377,487023.1510610598,124,PR0314,1,1,1,2,1,0,0,0,0,0,1,1,0,0,0,0,1,1,0,1,0,1,0,1,1,0,0,1,1,4,1,-8.835812,115.118645,A0002,Uluwatu
UN2407,436499.196163773,98,PR0494,1,1,1,2,1,0,0,0,0,0,1,0,0,0,1,0,1,1,0,1,1,1,0,1,0,0,0,1,1,4,1,-8.836065,115.11936,A0002,Uluwatu
UN2408,453931.9644223614,126,PR0494,1,1,1,2,1,0,0,0,0,0,1,0,0,0,1,0,0,0,0,1,0,1,0,1,0,0,0,1,1,4,1,-8.836065,115.11936,A0002,Uluwatu
UN2415,454533.3020418498,67,PR0497,1,1,1,4,1,0,0,0,0,0,1,0,0,0,1,0,1,0,1,1,1,1,1,1,0,0,0,1,0,1,3,-8.6681247,115.1605863,A0015,Seminyak
UN2416,453486.87096639164,74,PR0497,1,1,1,4,1,0,0,0,0,0,1,0,0,0,1,0,1,0,1,1,1,1,1,1,0,0,0,1,0,1,3,-8.6681247,115.1605863,A0015,Seminyak
UN2417,629449.9888412697,42,PR0497,1,1,1,4,1,0,0,0,0,0,1,0,0,1,0,0,1,0,1,1,1,1,1,1,0,0,0,1,1,1,3,-8.6681247,115.1605863,A0015,Seminyak
UN2418,654371.3720201568,48,PR0497,1,1,1,4,1,0,0,0,0,0,1,1,0,0,1,0,1,0,1,1,1,1,1,1,0,0,0,1,1,1,3,-8.6681247,115.1605863,A0015,Seminyak
UN2419,558523.9755045223,65,PR0497,1,1,1,4,1,0,0,0,0,0,1,0,0,0,1,0,1,0,1,1,1,1,1,1,0,0,0,1,1,1,3,-8.6681247,115.1605863,A0015,Seminyak
UN2420,595027.1728068797,69,PR0497,1,1,1,4,1,0,0,0,0,0,1,0,0,0,1,0,1,0,1,1,1,1,1,1,0,0,0,1,1,1,3,-8.6681247,115.1605863,A0015,Seminyak
UN2436,406977.1799862912,74,PR0492,1,1,1,2,1,0,0,0,0,0,1,1,0,1,0,0,1,1,1,1,1,1,1,0,1,0,0,1,1,4,4,-8.646509,115.154492,A0003,Canggu
UN2437,403804.5368969104,86,PR0492,1,1,1,2,1,0,0,0,0,0,1,1,0,1,1,0,1,1,1,1,1,1,1,0,1,0,0,1,1,4,4,-8.646509,115.154492,A0003,Canggu
UN2439,400204.5454348538,92,PR0492,1,1,1,2,1,1,0,0,0,0,1,1,0,1,1,0,1,1,1,1,1,1,1,0,1,0,0,1,1,4,4,-8.646509,115.154492,A0003,Canggu
UN2440,272857.55921302986,12,PR0492,1,1,1,2,1,0,0,0,0,0,1,1,0,1,1,0,1,1,1,1,1,1,1,0,1,0,0,1,1,4,4,-8.646509,115.154492,A0003,Canggu
UN2442,390367.69592690043,97,PR0492,1,1,1,2,1,0,0,0,0,0,1,1,0,1,1,0,1,1,1,1,1,1,1,0,1,0,0,1,1,4,4,-8.646509,115.154492,A0003,Canggu
UN2454,854050.0092585961,265,PR0502,1,1,1,2,0,0,1,0,0,0,1,0,0,0,1,0,0,0,1,1,1,1,0,1,1,0,0,1,1,2,1,-8.805481,115.11358,A0008,Bingin
UN2456,827483.5625948597,267,PR0502,1,,,,0,1,1,0,0,0,1,0,0,0,1,0,1,0,1,1,1,0,0,1,1,0,0,1,0,2,1,-8.805481,115.11358,A0008,Bingin
UN2458,366266.00135087705,19,PR0498,1,1,1,2,1,1,0,1,0,1,1,0,0,0,1,0,1,0,1,1,1,0,1,1,1,1,0,1,0,4,4,-8.6781316,115.567218,A0020,Nusa Penida
UN2459,539087.173148148,9,PR0498,1,1,1,2,1,1,0,1,0,1,1,0,0,0,1,0,1,0,1,1,1,0,1,1,1,1,0,1,0,4,4,-8.6781316,115.567218,A0020,Nusa Penida
UN2460,505368.6580303029,11,PR0498,1,1,1,2,1,1,0,1,0,1,1,0,0,0,1,0,1,0,1,1,1,1,1,1,1,1,0,1,0,4,4,-8.6781316,115.567218,A0020,Nusa Penida
UN2461,279806.041,5,PR0498,1,1,1,2,1,0,0,1,0,1,1,0,0,0,1,0,1,0,0,1,1,1,1,1,1,1,0,1,0,4,4,-8.6781316,115.567218,A0020,Nusa Penida
UN2462,332616.8496666666,5,PR0498,1,1,1,2,1,0,0,1,0,0,1,0,0,0,0,0,0,0,0,1,1,1,1,0,0,1,0,1,0,4,4,-8.6781316,115.567218,A0020,Nusa Penida
UN2463,203165.342,5,PR0498,1,,,,1,1,0,1,0,1,1,0,0,0,1,0,1,0,1,1,1,1,1,1,0,1,0,1,1,4,4,-8.6781316,115.567218,A0020,Nusa Penida
UN2464,215426.75556122442,7,PR0498,1,1,1,2,1,1,0,1,0,1,1,0,0,0,1,0,1,0,1,1,1,1,1,1,0,1,0,1,1,4,4,-8.6781316,115.567218,A0020,Nusa Penida
UN2467,466136.0797485417,148,PR0494,1,1,1,2,1,0,0,0,0,0,1,1,0,0,1,0,1,1,0,1,1,1,0,1,0,0,0,1,1,4,1,-8.836065,115.11936,A0002,Uluwatu
UN2468,496268.4644173057,120,PR0494,1,1,1,2,1,0,0,0,0,0,1,0,0,0,1,0,0,1,0,1,1,1,0,1,0,0,0,1,1,4,1,-8.836065,115.11936,A0002,Uluwatu
UN2469,457937.6868051687,125,PR0494,1,1,1,2,1,0,0,0,0,0,1,1,0,0,0,0,1,1,0,1,1,1,0,1,0,0,0,0,1,4,1,-8.836065,115.11936,A0002,Uluwatu
UN2470,477791.7678303511,113,PR0494,1,1,1,2,1,0,0,1,0,0,1,1,0,0,0,0,1,1,0,1,1,0,0,1,0,0,0,1,1,4,1,-8.836065,115.11936,A0002,Uluwatu
UN2471,385535.5067700769,127,PR0494,1,1,1,2,1,0,0,0,0,0,1,1,0,0,1,0,1,1,1,1,1,1,0,1,0,0,0,1,1,4,1,-8.836065,115.11936,A0002,Uluwatu
UN2493,392741.44452582195,85,PR0510,1,1,1,2,1,1,0,0,0,0,1,0,0,0,1,0,1,1,0,1,1,1,1,0,1,0,0,1,0,4,1,-8.649104,115.13234,A0003,Canggu
UN2494,384629.25839994283,97,PR0510,1,1,1,2,1,1,0,0,0,0,1,0,0,0,1,0,1,1,0,1,1,1,1,0,1,0,0,1,0,4,1,-8.649104,115.13234,A0003,Canggu
UN2495,403134.359095508,58,PR0510,1,1,1,2,1,0,0,0,0,0,1,0,0,0,0,0,1,1,1,1,1,1,1,1,1,0,0,1,0,4,1,-8.649104,115.13234,A0003,Canggu
UN2496,389449.4731108294,67,PR0510,1,1,1,2,1,1,0,0,0,0,1,0,0,0,1,0,1,1,0,1,1,1,1,0,1,0,0,1,1,4,1,-8.649104,115.13234,A0003,Canggu
UN2497,394135.6967572812,63,PR0510,1,1,1,2,1,0,0,0,0,0,1,0,0,0,1,0,0,1,0,1,0,1,1,0,1,0,0,1,0,4,1,-8.649104,115.13234,A0003,Canggu
UN2498,389469.2866214486,71,PR0510,1,1,1,2,1,1,0,0,0,0,1,0,0,0,1,0,1,1,0,1,1,1,1,0,1,0,0,1,0,4,1,-8.649104,115.13234,A0003,Canggu
UN2499,396128.4353426591,94,PR0510,1,1,1,2,1,1,0,0,0,0,1,0,0,0,1,0,1,1,0,1,1,1,1,0,1,0,0,1,0,4,1,-8.649104,115.13234,A0003,Canggu
UN2500,528066.6249417303,193,PR0513,1,1,1,2,1,1,0,0,0,0,1,1,0,0,1,0,1,1,0,1,1,1,1,0,1,0,0,1,1,4,3,-8.835766,115.123054,A0002,Uluwatu
UN2501,552748.5423057068,186,PR0513,1,1,1,2,1,1,0,0,0,0,1,1,0,0,1,0,1,1,0,1,1,1,1,0,1,0,0,1,1,4,3,-8.835766,115.123054,A0002,Uluwatu
UN2502,600818.3228560308,149,PR0513,1,1,1,2,1,1,0,0,0,0,1,1,0,0,1,0,1,1,0,1,1,1,1,0,1,0,0,1,1,4,3,-8.835766,115.123054,A0002,Uluwatu
UN2503,554877.2352018945,173,PR0513,1,1,1,2,1,1,0,0,0,0,1,1,0,0,1,0,1,1,0,1,1,1,1,0,1,0,0,1,1,4,3,-8.835766,115.123054,A0002,Uluwatu
UN2504,545695.4201669878,194,PR0513,1,1,1,2,1,1,0,0,0,0,1,1,0,0,1,0,1,1,0,1,1,1,1,0,1,0,0,1,1,4,3,-8.835766,115.123054,A0002,Uluwatu
UN2505,557470.7836470655,186,PR0513,1,1,1,2,1,1,0,0,0,0,1,1,0,0,1,0,1,1,0,1,1,1,1,0,1,0,0,1,1,4,3,-8.835766,115.123054,A0002,Uluwatu
UN2506,199135.6756940437,28,PR0517,1,1,1,2,1,1,0,0,0,0,1,0,0,0,1,0,1,1,0,1,1,1,1,1,1,0,0,1,1,4,1,-8.6444611,115.1350249,A0003,Canggu
UN0369,1129294.216018064,176,PR0282,1,0,0,,,,,,,,,,,,,,,,,,,,,,,,,,,4,0,-8.8063269,115.11306,A0008,Bingin
UN0377,991290.6387244398,102,PR0282,1,0,0,,,,,,,,,,,,,,,,,,,,,,,,,,,4,0,-8.8063269,115.11306,A0008,Bingin
UN0668,1811921.3633333333,6,PR0293,1,0,0,,,,,,,,,,,,,,,,,,,,,,,,,,,4,0,-7.8064016,110.3657658,A0001,Yogyakarta
UN0710,704118.2497769956,68,PR0198,1,1,1,2,1,1,0,0,1,0,1,1,0,0,1,0,1,1,1,1,0,1,1,1,0,0,0,1,1,4,4,-8.6552572,115.1296974,A0003,Canggu
UN0711,728899.8171307042,48,PR0198,1,1,1,2,1,0,0,0,1,0,1,0,0,0,1,0,0,1,0,1,0,1,1,0,0,0,0,1,1,4,4,-8.6552572,115.1296974,A0003,Canggu
UN0712,569678.7324148524,56,PR0198,1,1,1,2,1,0,0,0,1,0,1,1,0,0,1,0,0,1,0,1,0,1,1,0,0,0,0,1,1,4,4,-8.6552572,115.1296974,A0003,Canggu
UN0713,486555.3173362939,52,PR0198,1,1,1,2,1,0,0,0,1,0,1,0,0,0,1,0,0,1,0,1,0,1,1,0,0,0,0,1,1,4,4,-8.6552572,115.1296974,A0003,Canggu
UN0718,414189.1059970611,33,PR0198,1,1,1,2,1,0,0,0,1,0,1,0,0,0,1,0,0,1,0,1,0,1,1,0,0,0,0,1,1,4,4,-8.6552572,115.1296974,A0003,Canggu
UN0719,397534.8815833332,5,PR0198,1,1,1,2,1,0,0,0,0,0,1,0,0,0,1,0,0,1,0,1,0,1,1,0,0,0,0,1,1,4,4,-8.6552572,115.1296974,A0003,Canggu
UN0720,357567.7570328484,89,PR0198,1,1,1,2,1,1,0,0,1,0,1,1,0,0,1,0,0,1,0,1,0,1,1,0,0,0,0,1,1,4,4,-8.6552572,115.1296974,A0003,Canggu
UN0721,341196.7633762405,68,PR0198,1,1,1,2,1,0,0,0,1,0,1,0,0,0,1,0,0,1,0,1,0,1,1,0,0,0,0,1,1,4,4,-8.6552572,115.1296974,A0003,Canggu
UN0723,607439.4547883597,18,PR0198,1,1,1,2,1,0,0,0,0,0,1,0,0,0,1,0,0,1,0,1,0,1,1,0,0,0,0,1,1,4,4,-8.6552572,115.1296974,A0003,Canggu
UN0723,607439.4547883597,18,PR0198,1,1,1,2,1,0,0,0,0,0,1,0,0,0,1,0,0,1,0,1,0,1,1,0,0,0,0,1,1,4,4,-8.6552572,115.1296974,A0003,Canggu
UN0725,504050.2145399819,70,PR0198,1,1,1,2,1,0,0,0,0,0,1,0,0,0,1,0,0,1,0,1,0,1,1,0,0,0,0,1,1,4,4,-8.6552572,115.1296974,A0003,Canggu
UN0726,602549.0939611591,66,PR0198,1,0,0,,,,,,,,,,,,,,,,,,,,,,,,,,,4,4,-8.6552572,115.1296974,A0003,Canggu
UN0731,378438.12966378866,50,PR0245,1,1,1,2,1,1,0,0,1,1,1,1,0,0,1,0,1,0,1,1,1,1,1,1,1,1,0,1,1,4,0,-8.822391,115.0871096,A0002,Uluwatu
UN0731,378438.12966378866,50,PR0245,1,1,1,2,1,1,0,0,0,1,1,1,0,0,1,0,1,0,1,1,1,1,1,1,0,1,0,1,1,4,0,-8.822391,115.0871096,A0002,Uluwatu
UN0732,409151.5978030303,11,PR0245,1,1,1,2,,,,,,,,,,,,,,,,,,,,,,,,,,4,0,-8.822391,115.0871096,A0002,Uluwatu
UN0733,428114.0408373248,107,PR0245,1,1,2,2,1,0,0,0,1,0,1,0,0,0,1,0,1,0,0,1,1,1,1,1,1,0,0,1,1,4,0,-8.822391,115.0871096,A0002,Uluwatu
UN0734,325871.864836175,45,PR0245,1,1,1,2,1,1,0,0,1,0,1,0,0,0,1,0,1,0,0,1,1,1,1,1,1,1,0,1,1,4,0,-8.822391,115.0871096,A0002,Uluwatu
UN0735,402629.8308836623,82,PR0245,1,1,1,2,1,1,0,0,1,1,1,1,0,0,1,0,1,0,1,1,1,1,1,1,1,1,0,1,1,4,0,-8.822391,115.0871096,A0002,Uluwatu
UN0736,372066.736873619,99,PR0245,1,1,1,2,1,0,0,0,0,0,1,0,0,0,1,0,0,0,0,1,1,1,1,1,1,1,0,1,1,4,0,-8.822391,115.0871096,A0002,Uluwatu
UN0737,793612.0618041268,25,PR0245,1,1,1,2,1,1,0,0,0,1,1,1,0,0,1,0,1,0,1,1,1,1,1,1,1,1,0,1,1,4,0,-8.822391,115.0871096,A0002,Uluwatu
UN0738,507013.08870152105,120,PR0245,1,1,1,2,1,1,0,0,1,1,1,1,0,1,1,0,1,0,1,1,1,1,1,1,1,1,0,1,1,4,0,-8.822391,115.0871096,A0002,Uluwatu
UN0738,507013.08870152105,120,PR0245,1,1,1,2,1,1,0,0,1,1,1,1,0,0,1,0,0,0,1,1,1,1,1,1,1,1,0,1,1,4,0,-8.822391,115.0871096,A0002,Uluwatu
UN0739,450122.20134426083,86,PR0245,1,1,1,2,1,0,0,0,1,0,1,0,0,0,1,0,1,0,0,0,1,1,1,0,0,1,0,1,1,4,0,-8.822391,115.0871096,A0002,Uluwatu
UN0740,298187.8941666666,5,PR0245,1,1,1,2,1,1,0,0,1,1,1,1,0,1,1,0,1,0,1,1,1,1,1,1,1,1,0,1,1,4,0,-8.822391,115.0871096,A0002,Uluwatu
UN0741,335730.6191666666,39,PR0245,1,1,1,2,1,0,0,0,1,0,1,0,0,1,1,0,1,0,0,1,1,1,1,1,1,1,0,1,1,4,0,-8.822391,115.0871096,A0002,Uluwatu
UN0742,323339.9280510203,14,PR0245,1,1,1,2,1,1,0,0,1,0,1,1,0,0,1,0,1,0,1,1,1,1,1,1,0,1,0,1,1,4,0,-8.822391,115.0871096,A0002,Uluwatu
UN0743,414956.63534293394,62,PR0245,1,1,1,2,1,0,0,0,1,0,1,0,0,1,1,0,1,0,0,1,1,1,1,1,1,1,0,1,1,4,0,-8.822391,115.0871096,A0002,Uluwatu
UN0744,355839.2728833873,24,PR0245,1,1,1,2,1,0,0,0,1,0,1,0,0,1,1,0,1,0,0,1,1,1,1,1,1,1,0,1,1,4,0,-8.822391,115.0871096,A0002,Uluwatu
UN0745,442816.8124603745,139,PR0245,1,1,1,2,1,0,0,0,1,0,1,0,0,0,1,0,1,0,0,0,1,1,1,0,0,1,0,1,1,4,0,-8.822391,115.0871096,A0002,Uluwatu
UN0746,373731.12342197314,31,PR0245,1,1,1,2,1,0,0,0,1,0,1,0,0,1,1,0,1,0,0,1,1,1,1,1,1,1,0,1,1,4,0,-8.822391,115.0871096,A0002,Uluwatu
UN0747,377182.656496803,55,PR0245,1,1,1,2,1,0,0,0,1,0,1,0,0,0,1,0,1,0,0,1,1,1,1,0,1,1,0,1,1,4,0,-8.822391,115.0871096,A0002,Uluwatu
UN0748,438016.8726143127,32,PR0245,1,0,0,,,,,,,,,,,,,,,,,,,,,,,,,,,4,0,-8.822391,115.0871096,A0002,Uluwatu
UN0749,486502.410547619,20,PR0245,1,1,1,2,1,0,0,0,1,0,1,0,0,0,1,0,1,0,0,0,1,1,1,0,0,1,0,1,1,4,0,-8.822391,115.0871096,A0002,Uluwatu
UN0750,428234.6336520181,142,PR0245,1,0,0,,,,,,,,,,,,,,,,,,,,,,,,,,,4,0,-8.822391,115.0871096,A0002,Uluwatu
UN0751,412918.739333271,85,PR0245,1,1,1,2,1,0,0,0,1,0,1,0,0,1,1,0,1,0,0,1,1,1,1,1,1,1,0,1,1,4,0,-8.822391,115.0871096,A0002,Uluwatu
UN0788,402273.074,5,PR0200,1,1,1,3,1,1,0,1,1,1,1,1,0,0,1,0,1,0,1,0,1,1,1,0,0,1,0,1,1,4,0,-8.6536431,115.1323949,A0003,Canggu
UN0790,368177.3984294949,8,PR0200,1,1,1,2,1,1,0,1,0,0,1,1,0,0,1,0,1,1,1,1,1,1,1,1,1,1,0,1,1,4,0,-8.6536431,115.1323949,A0003,Canggu
UN0792,304348.8252529181,10,PR0200,1,1,1,3,1,0,0,1,1,1,1,1,0,1,1,0,1,0,1,1,1,1,1,1,1,1,0,1,1,4,0,-8.6536431,115.1323949,A0003,Canggu
UN0795,270783.61765005375,9,PR0200,1,1,1,3,1,0,0,1,1,1,1,0,0,0,1,0,0,0,0,1,0,1,1,0,1,1,0,1,1,4,0,-8.6536431,115.1323949,A0003,Canggu
UN1000,817094.2249140773,273,PR0254,1,1,1,2,1,1,0,0,1,0,1,1,0,0,1,0,1,0,1,0,1,1,1,0,1,0,0,1,1,4,0,-8.821746,115.089633,A0002,Uluwatu
UN1001,839729.2288455853,240,PR0254,1,1,1,2,1,1,0,0,0,0,1,1,0,0,0,0,1,0,1,0,1,1,1,0,1,1,0,1,1,4,0,-8.821746,115.089633,A0002,Uluwatu
UN1002,903886.428717692,244,PR0254,1,1,1,2,1,1,0,1,1,0,1,1,0,0,1,0,1,0,1,0,1,1,1,0,0,1,0,1,1,4,0,-8.821746,115.089633,A0002,Uluwatu
UN1003,689428.5939848464,182,PR0254,1,1,1,2,1,1,0,1,1,0,1,1,0,0,1,0,1,0,1,1,1,1,1,1,1,0,0,1,0,4,0,-8.821746,115.089633,A0002,Uluwatu
UN1004,778215.5721965765,134,PR0254,1,1,1,2,1,1,0,0,1,0,1,1,0,0,1,0,1,0,0,0,1,1,1,0,0,1,0,1,1,4,0,-8.821746,115.089633,A0002,Uluwatu
UN1005,891267.3935434523,40,PR0254,1,1,1,2,1,1,0,0,1,0,1,1,0,0,1,0,1,0,0,0,1,1,1,0,0,1,0,1,1,4,0,-8.821746,115.089633,A0002,Uluwatu
UN1006,830317.8481278911,35,PR0254,1,1,1,2,1,1,0,0,0,0,1,1,0,0,1,0,1,0,1,0,1,1,1,0,0,1,0,1,1,4,0,-8.821746,115.089633,A0002,Uluwatu
UN1007,675321.0260465818,176,PR0254,1,1,1,2,1,1,0,0,1,0,1,1,0,0,1,0,1,0,0,0,1,1,1,0,1,1,0,1,1,4,0,-8.821746,115.089633,A0002,Uluwatu
UN1008,692259.3221269393,146,PR0254,1,1,1,2,1,1,0,0,1,0,1,1,0,0,1,0,1,0,1,0,1,1,1,1,1,1,0,1,1,4,0,-8.821746,115.089633,A0002,Uluwatu
UN1009,689029.2724213833,107,PR0254,1,,,,,,,,,,,,,,,,,,,,,,,,,,,,,4,0,-8.821746,115.089633,A0002,Uluwatu
UN1010,546582.5315340147,249,PR0254,1,1,1,2,1,1,0,1,0,0,1,1,0,0,1,0,1,0,1,1,0,1,1,1,0,1,0,1,1,4,0,-8.821746,115.089633,A0002,Uluwatu
UN1011,504290.05418333324,20,PR0254,1,1,2,2,1,1,0,1,1,0,1,1,0,0,1,0,1,0,1,1,1,1,1,1,0,1,0,1,1,4,0,-8.821746,115.089633,A0002,Uluwatu
UN1012,617182.9310699588,81,PR0254,1,,,,,,,,,,,,,,,,,,,,,,,,,,,,,4,0,-8.821746,115.089633,A0002,Uluwatu
UN1014,756102.3629874358,231,PR0254,1,1,1,2,1,0,0,1,1,0,1,0,0,0,1,0,1,0,1,1,1,1,1,0,0,1,0,1,1,4,0,-8.821746,115.089633,A0002,Uluwatu
UN1015,707308.9490230286,170,PR0254,1,1,1,2,1,1,0,1,0,0,1,1,0,0,1,0,1,0,1,1,1,1,1,1,0,1,0,1,1,4,0,-8.821746,115.089633,A0002,Uluwatu
UN1016,726295.2310437817,212,PR0254,1,1,1,2,1,1,0,1,1,0,1,1,0,0,1,0,1,0,1,1,1,1,1,1,0,1,0,1,1,4,0,-8.821746,115.089633,A0002,Uluwatu
UN1017,703761.7056097051,175,PR0254,1,1,1,2,1,1,0,1,1,0,1,1,0,0,1,0,1,0,1,1,1,1,1,1,0,1,0,1,1,4,0,-8.821746,115.089633,A0002,Uluwatu
UN1018,636296.1478769404,140,PR0254,1,0,0,,,,,,,,,,,,,,,,,,,,,,,,,,,4,0,-8.821746,115.089633,A0002,Uluwatu
UN1132,423596.1702857142,15,PR0115,1,1,1,2,1,1,0,0,0,1,1,1,0,0,1,0,1,1,1,1,1,1,0,0,0,1,0,1,1,4,1,-8.835272,115.119866,A0002,Uluwatu
UN1135,460433.0850218775,174,PR0115,1,1,1,2,1,0,0,0,0,0,1,0,0,0,0,0,0,1,1,0,0,1,0,1,0,0,1,1,1,4,1,-8.835272,115.119866,A0002,Uluwatu
UN1136,476549.193871821,93,PR0115,1,1,1,2,1,0,0,0,0,0,1,1,0,0,1,0,0,1,0,0,0,1,1,1,0,0,0,1,0,4,1,-8.835272,115.119866,A0002,Uluwatu
UN1137,305915.48291666666,6,PR0115,1,1,1,2,1,0,0,0,0,0,1,1,0,0,1,0,0,1,0,1,0,1,1,0,0,0,0,1,1,4,1,-8.835272,115.119866,A0002,Uluwatu
UN1138,470956.2491513605,70,PR0115,1,1,1,2,1,0,0,0,0,0,1,0,0,0,1,0,0,1,0,1,0,1,1,0,0,0,0,1,1,4,1,-8.835272,115.119866,A0002,Uluwatu
UN1139,445846.9311796945,53,PR0115,1,1,1,2,1,0,0,0,0,0,1,0,0,0,1,0,0,1,0,1,0,1,1,0,0,0,0,1,1,4,1,-8.835272,115.119866,A0002,Uluwatu
UN1169,678755.7824340188,157,PR0112,1,1,1,3,1,1,0,1,0,0,1,0,0,1,1,0,1,1,1,0,1,1,1,0,1,1,0,1,1,4,0,-8.797821,115.149441,A0010,Jimbaran
UN1170,678860.4413948612,150,PR0112,1,1,1,2,1,1,0,1,1,0,1,0,0,1,1,0,1,1,1,0,1,1,1,1,1,1,0,1,1,4,0,-8.797821,115.149441,A0010,Jimbaran
UN1172,721947.1270779921,130,PR0112,1,1,1,3,1,1,0,1,1,0,1,0,0,1,1,0,1,1,1,1,1,1,1,1,1,1,0,1,1,4,0,-8.797821,115.149441,A0010,Jimbaran
UN1173,749581.6923409867,118,PR0112,1,0,1,2,1,1,0,1,1,0,1,0,0,1,1,0,1,1,1,1,1,1,1,1,1,1,0,1,1,4,0,-8.797821,115.149441,A0010,Jimbaran
UN1223,1015783.8465436422,87,PR0093,2,2,3,,,,,,,,,,,,,,,,,,,,,,,,,,,2,4,-8.825629,115.153055,A0011,Ungasan
UN1228,2384073.2833811906,109,PR0104,4,,,,,,,,,,,,,,,,,,,,,,,,,,,,,2,4,-8.8160943,115.1002842,A0013,Padang Padang
UN1230,941719.6772097234,215,PR0092,2,2,2,4,1,1,0,0,0,1,1,1,0,0,1,0,1,1,1,0,1,1,1,1,1,1,0,1,1,2,0,-8.800425,115.147582,A0010,Jimbaran
UN1254,1577845.010813122,13,PR0098,3,3,3,6,1,1,0,0,1,1,1,1,0,1,1,0,1,1,1,0,1,1,1,1,1,1,0,1,1,2,0,-8.7846485,115.1552891,A0010,Jimbaran
UN1280,1476834.2632652011,10,PR0090,2,2,2,4,1,1,0,1,0,0,1,1,0,0,1,0,1,1,1,0,1,1,1,1,1,1,0,1,1,2,0,-8.8064365,115.1142419,A0008,Bingin
UN1293,2776183.1966149746,182,PR0088,4,2,4,8,1,0,1,0,1,0,1,0,0,0,1,0,1,1,1,0,0,0,0,1,1,0,0,1,1,2,0,-8.8054876,115.1137161,A0008,Bingin
UN1295,709981.8006831716,176,PR0088,1,1,1,2,1,0,1,0,0,0,1,0,0,0,1,0,1,0,0,1,0,0,0,1,1,1,0,1,1,2,0,-8.8054876,115.1137161,A0008,Bingin
UN1336,1870933.3981145304,69,PR0081,1,1,1,3,1,1,0,1,1,0,1,1,0,0,1,0,1,0,1,1,1,1,1,1,1,0,0,1,1,5,0,,,A0002,Uluwatu
UN1337,1770387.5521126033,73,PR0081,1,1,1,3,1,0,0,1,1,0,1,0,0,0,1,0,1,0,0,0,0,1,1,0,1,0,0,1,1,5,0,,,A0002,Uluwatu
UN1395,845354.5787563752,180,PR0057,1,1,1,2,1,1,0,0,0,0,1,1,0,0,1,0,1,0,1,1,1,1,1,1,1,0,0,1,1,4,1,-8.809038,115.115846,A0008,Bingin
UN1396,835141.0399127231,206,PR0057,1,1,1,2,1,1,0,0,0,0,1,1,0,0,1,0,1,0,1,1,1,1,1,1,1,0,0,1,1,4,1,-8.809038,115.115846,A0008,Bingin
UN1397,851931.0164310437,219,PR0057,1,1,1,2,1,1,0,0,1,0,1,1,0,0,1,0,1,0,1,1,1,1,1,1,1,0,0,1,0,4,1,-8.809038,115.115846,A0008,Bingin
UN1398,889389.1740935327,185,PR0057,1,1,1,2,1,1,0,0,0,0,1,1,0,0,1,0,1,0,1,1,1,1,1,1,1,0,0,1,1,4,1,-8.809038,115.115846,A0008,Bingin
UN1399,886665.1426296496,187,PR0057,1,1,1,2,1,1,0,0,0,0,1,1,0,0,1,0,1,0,1,1,1,1,1,1,1,0,0,1,1,4,1,-8.809038,115.115846,A0008,Bingin
UN1400,816875.0180644436,163,PR0057,1,1,1,2,1,1,0,0,0,0,1,1,0,0,1,0,1,0,1,1,1,1,1,1,1,0,0,1,1,4,1,-8.809038,115.115846,A0008,Bingin
UN1401,924402.5007598181,201,PR0057,1,1,1,2,1,1,0,0,0,0,1,1,0,0,1,0,1,0,1,1,1,1,1,1,1,0,0,1,1,4,1,-8.809038,115.115846,A0008,Bingin
UN1477,889958.2554557751,45,PR0052,1,1,1,2,1,1,0,0,0,0,1,1,0,0,1,0,0,1,0,1,0,1,1,0,0,1,0,1,1,4,0,-8.6488877,115.1361637,A0003,Canggu
UN1478,1177473.0179403864,28,PR0052,1,1,1,2,1,0,0,0,0,0,1,0,0,0,1,0,0,1,0,1,0,1,1,0,0,1,0,1,1,4,0,-8.6488877,115.1361637,A0003,Canggu
UN1479,934017.1985028314,38,PR0052,1,1,1,2,1,1,0,0,0,0,1,1,0,0,1,0,1,1,1,1,1,1,1,1,0,1,0,1,1,4,0,-8.6488877,115.1361637,A0003,Canggu
UN1480,884976.8079185773,44,PR0052,1,1,1,2,1,0,0,0,0,0,1,0,0,0,1,0,0,1,0,1,0,1,1,0,0,1,0,1,1,4,0,-8.6488877,115.1361637,A0003,Canggu
UN1481,1185193.8445137774,28,PR0052,1,1,1,2,1,0,0,0,0,0,1,0,0,0,1,0,0,1,0,1,0,1,1,0,0,1,0,1,1,4,0,-8.6488877,115.1361637,A0003,Canggu
UN1482,1023915.6429117544,35,PR0052,1,1,1,2,1,1,0,0,0,0,1,1,0,0,1,0,0,1,1,1,1,1,1,1,0,1,0,1,1,4,0,-8.6488877,115.1361637,A0003,Canggu
UN1483,1399597.2761221803,22,PR0052,1,1,1,2,1,0,0,0,0,0,1,0,0,0,1,0,0,1,0,1,0,1,1,0,0,1,0,1,1,4,0,-8.6488877,115.1361637,A0003,Canggu
UN1484,2015173.343178308,13,PR0052,1,1,1,2,1,0,0,0,0,0,1,0,0,0,1,0,0,0,0,1,0,1,1,1,0,0,0,1,1,4,0,-8.6488877,115.1361637,A0003,Canggu
UN1485,1631602.020278564,17,PR0052,1,,,,,,,,,,,,,,,,,,,,,,,,,,,,,4,0,-8.6488877,115.1361637,A0003,Canggu
UN1609,906295.7953571428,10,PR0021,1,1,1,2,1,0,0,1,0,0,1,0,0,0,1,0,0,0,0,1,0,1,1,1,1,0,0,1,0,4,2,,,A0002,Uluwatu
UN1610,784414.6008666666,5,PR0021,1,1,1,2,1,0,0,0,0,0,0,0,0,0,0,0,0,0,0,1,0,1,1,1,0,0,0,1,1,4,2,,,A0002,Uluwatu
UN1611,750153.8644166666,5,PR0021,1,1,1,2,1,0,0,0,0,0,1,0,0,0,1,0,0,0,0,1,0,1,1,1,1,0,0,1,0,4,2,,,A0002,Uluwatu
UN1613,669382.2526649729,29,PR0021,1,1,1,2,1,0,0,1,0,0,1,0,0,0,1,0,0,0,0,1,0,1,1,1,0,0,0,1,0,4,2,,,A0002,Uluwatu
UN1619,1236801.5480016,10,PR0021,1,1,1,3,1,0,0,1,0,0,1,0,0,0,0,0,0,0,0,0,0,1,1,0,0,0,0,1,0,4,2,,,A0002,Uluwatu
UN1623,883257.5577777778,9,PR0021,1,1,1,2,1,0,0,1,0,0,1,0,0,0,1,0,0,0,0,1,0,1,1,1,0,1,0,1,1,4,2,,,A0002,Uluwatu
UN1636,233800.110940092,5,PR0009,1,1,1,2,1,1,0,0,0,0,1,1,0,0,1,0,1,0,1,1,1,1,1,1,1,0,0,1,1,4,0,,,A0008,Bingin
UN1735,379036.4273809523,7,PR0312,1,1,1,2,1,0,0,1,0,0,1,0,0,0,1,0,0,0,0,1,0,1,0,1,1,1,0,1,0,4,3,,,A0020,Nusa Penida
UN1736,247944.5243589743,13,PR0312,1,1,1,2,1,0,1,1,0,0,1,0,0,0,0,0,0,0,0,1,0,1,0,1,0,1,0,1,0,4,3,,,A0020,Nusa Penida
UN1737,233354.901510204,7,PR0312,1,1,1,2,1,0,0,1,0,0,1,0,0,0,1,0,0,0,0,1,0,1,0,1,1,1,0,1,0,4,3,,,A0020,Nusa Penida
UN1738,364346.4103333332,5,PR0312,1,1,1,2,1,0,1,1,0,0,1,0,0,0,1,0,0,0,0,1,0,1,0,1,1,1,0,1,1,4,3,,,A0020,Nusa Penida
UN1741,283406.9303333332,5,PR0312,1,1,1,2,1,1,0,1,1,0,1,0,0,0,1,0,1,0,0,1,1,1,0,1,1,1,0,1,0,4,3,,,A0020,Nusa Penida
UN1743,889631.9761754385,19,PR0318,1,1,1,2,1,0,1,0,0,0,1,0,0,0,1,0,1,0,0,1,1,1,1,1,1,1,0,1,0,4,4,,,A0020,Nusa Penida
UN1745,1015864.4601666665,10,PR0318,1,1,1,2,1,0,1,1,0,0,1,0,0,1,0,0,1,0,1,1,0,1,1,1,1,1,0,1,1,4,4,,,A0020,Nusa Penida
UN1822,600605.1699802673,78,PR0339,1,1,1,2,1,0,0,0,0,0,1,0,0,0,1,0,1,0,1,1,1,1,1,1,0,0,0,1,1,4,1,-8.6559436,115.1397607,A0003,Canggu
UN1823,653850.6320682514,63,PR0339,1,1,1,2,1,0,0,0,0,0,1,0,0,0,1,0,1,0,0,1,0,1,1,1,0,0,0,1,1,4,1,-8.6559436,115.1397607,A0003,Canggu
UN1824,792894.1583602384,44,PR0339,1,1,1,2,1,0,0,0,0,0,1,0,0,0,1,0,1,1,1,1,1,1,1,1,0,0,0,1,1,4,1,-8.6559436,115.1397607,A0003,Canggu
UN1825,712013.7860135994,54,PR0339,1,1,1,2,1,0,0,0,0,0,1,0,0,0,1,0,1,0,1,1,1,1,1,1,0,0,0,1,1,4,1,-8.6559436,115.1397607,A0003,Canggu
UN1826,691158.5797930767,61,PR0339,1,1,1,2,1,0,0,0,0,0,1,0,0,0,1,0,1,0,1,1,1,1,1,1,0,0,0,1,1,4,1,-8.6559436,115.1397607,A0003,Canggu
UN1829,1129530.974,5,PR0340,1,,,,,,,,,,,,,,,,,,,,,,,,,,,,,4,1,,,A0039,Tamantirto
UN1897,2076284.6548233212,199,PR0354,5,5,5,0,1,1,0,0,0,0,1,1,0,1,1,0,1,1,1,0,1,1,1,1,1,1,0,1,1,2,4,-8.803833,115.1450882,A0010,Jimbaran
UN1898,2177338.997026308,162,PR0354,5,5,5,0,1,1,0,0,0,0,1,1,0,1,1,0,1,1,1,0,1,1,1,1,1,1,0,1,1,2,4,-8.803833,115.1450882,A0010,Jimbaran
UN1900,915798.1865686274,68,PR0355,3,2,3,8,1,1,0,0,0,0,1,0,0,0,1,1,0,1,0,0,0,1,0,1,1,1,0,1,1,4,4,,,A0046,Baciro
UN1958,525547.2568890549,90,PR0198,1,,,,,,,,,,,,,,,,,,,,,,,,,,,,,4,4,-8.6552572,115.1296974,A0003,Canggu
UN1959,519156.03719434125,77,PR0198,1,,,,,,,,,,,,,,,,,,,,,,,,,,,,,4,4,-8.6552572,115.1296974,A0003,Canggu
UN1962,534663.9581097604,64,PR0198,1,0,0,,,,,,,,,,,,,,,,,,,,,,,,,,,4,4,-8.6552572,115.1296974,A0003,Canggu
UN1963,598089.1304300105,53,PR0198,1,0,0,,,,,,,,,,,,,,,,,,,,,,,,,,,4,4,-8.6552572,115.1296974,A0003,Canggu
UN1964,573814.2011956043,65,PR0198,1,0,0,,,,,,,,,,,,,,,,,,,,,,,,,,,4,4,-8.6552572,115.1296974,A0003,Canggu
UN2043,2765039.448031158,81,PR0373,2,2,2,4,1,0,0,0,0,0,1,0,0,1,1,0,0,1,0,1,0,1,1,1,1,0,0,1,1,2,4,,,A0004,Ubud
UN2051,463816.079674074,90,PR0383,2,0,0,,,,,,,,,,,,,,,,,,,,,,,,,,,4,3,-8.688048,115.579662,A0020,Nusa Penida
UN2054,389738.0869390243,41,PR0383,2,0,0,,,,,,,,,,,,,,,,,,,,,,,,,,,4,3,-8.688048,115.579662,A0020,Nusa Penida
UN2081,1163964.064876639,138,PR0387,2,2,2,8,1,1,0,1,0,0,1,0,0,0,1,0,1,1,0,0,1,1,0,0,1,1,0,1,1,4,4,-7.770902,110.4285759,A0047,Maguwoharjo
UN2092,393508.5831962372,108,PR0198,1,1,1,2,1,0,0,0,0,0,1,0,0,0,1,0,1,1,0,1,0,1,1,0,0,0,0,1,1,4,4,-8.6552572,115.1296974,A0003,Canggu
UN2093,389184.7816106333,79,PR0198,1,1,1,2,1,0,0,0,0,0,1,0,0,0,1,0,1,1,0,1,0,1,1,0,0,0,0,1,1,4,4,-8.6552572,115.1296974,A0003,Canggu
UN2094,394507.80589616083,98,PR0198,1,1,1,2,1,0,0,0,0,0,1,0,0,0,1,0,0,1,0,1,0,1,1,0,0,0,0,1,1,4,4,-8.6552572,115.1296974,A0003,Canggu
UN2095,382814.185852056,93,PR0198,1,1,1,2,1,1,0,0,0,0,1,1,0,0,1,0,1,1,0,1,0,1,1,0,0,0,0,1,1,4,4,-8.6552572,115.1296974,A0003,Canggu
UN2097,2601274.1405440206,88,PR0373,1,1,1,2,1,0,0,0,0,0,1,0,0,0,1,0,1,0,0,1,0,1,1,0,1,0,0,1,1,2,4,,,A0004,Ubud
UN2113,500817.27654718683,19,PR0395,1,1,1,3,1,0,0,0,0,1,1,0,1,1,1,0,1,0,1,1,0,0,1,0,1,1,0,1,1,3,4,-7.7584523,110.3804561,A0001,Yogyakarta
UN2115,504042.2995379072,38,PR0395,1,1,1,3,1,0,0,0,0,0,1,0,1,1,1,0,1,0,0,1,0,0,1,0,1,1,0,1,0,3,4,-7.7584523,110.3804561,A0001,Yogyakarta
UN2120,513676.66798387095,32,PR0395,1,1,1,3,1,0,0,0,0,0,1,0,1,1,1,0,1,0,0,1,0,0,1,0,1,1,0,1,0,3,4,-7.7584523,110.3804561,A0001,Yogyakarta
UN2123,540402.5964069723,39,PR0397,1,1,1,2,1,0,0,1,0,0,1,0,0,0,1,0,0,0,0,0,0,1,1,1,1,1,0,1,1,2,4,-8.4584881,115.280513,A0004,Ubud
UN2124,544491.8449744898,336,PR0398,1,1,1,2,1,0,0,1,0,0,1,0,0,0,1,0,1,0,0,1,0,1,0,1,1,0,0,1,1,4,1,-8.688812,115.488442,A0020,Nusa Penida
UN2125,631172.9782898852,274,PR0398,1,1,1,2,1,0,0,1,0,0,1,0,0,0,1,0,0,0,0,1,0,1,0,1,1,0,0,1,1,4,1,-8.688812,115.488442,A0020,Nusa Penida
UN2126,643885.9548707482,252,PR0398,1,1,1,2,1,0,0,1,0,0,1,0,0,0,1,0,0,0,0,1,0,1,0,1,1,1,0,1,1,4,1,-8.688812,115.488442,A0020,Nusa Penida
UN2127,419514.7485174825,143,PR0398,1,1,1,2,1,0,0,1,0,0,1,0,0,0,1,0,0,0,0,1,0,1,0,1,1,0,0,1,1,4,1,-8.688812,115.488442,A0020,Nusa Penida
UN2134,477885.3820823937,154,PR0400,1,1,1,2,1,1,1,1,0,0,1,0,0,0,1,0,1,0,0,1,0,1,0,1,1,1,0,1,0,4,3,-8.6965183,115.5792547,A0020,Nusa Penida
UN2135,471344.0535734989,161,PR0400,1,1,1,2,1,0,1,1,0,0,1,0,0,0,1,0,0,0,0,1,0,1,0,1,1,1,0,1,0,4,3,-8.6965183,115.5792547,A0020,Nusa Penida
UN2136,473606.43938095233,98,PR0400,1,1,1,2,1,1,0,1,0,0,1,0,0,0,1,0,0,0,0,1,0,1,1,0,0,1,0,1,0,4,3,-8.6965183,115.5792547,A0020,Nusa Penida
UN2140,270686.003,10,PR0402,1,1,1,2,1,0,0,1,0,0,1,0,0,0,0,0,1,0,1,1,1,1,0,1,0,1,0,1,1,4,1,-8.6752409,115.5664756,A0020,Nusa Penida
UN2143,251203.835,8,PR0402,1,1,1,2,1,1,0,1,0,0,1,0,0,0,0,0,1,0,1,1,1,1,0,1,0,1,0,1,1,4,1,-8.6752409,115.5664756,A0020,Nusa Penida
UN2144,238816.542,9,PR0402,1,1,1,2,1,1,0,1,0,0,1,0,0,0,0,0,0,0,1,1,1,0,0,1,0,1,0,1,1,4,1,-8.6752409,115.5664756,A0020,Nusa Penida
UN2146,716412.2314814813,9,PR0403,1,1,1,2,1,0,0,1,0,0,1,0,0,0,1,0,0,0,0,1,0,1,1,1,1,1,0,1,1,4,3,-8.6756032,115.5652538,A0020,Nusa Penida
UN2147,853164.1696666667,5,PR0403,1,1,1,2,1,0,0,1,0,0,1,0,0,0,1,0,0,0,0,1,0,1,1,1,1,1,0,1,1,4,3,-8.6756032,115.5652538,A0020,Nusa Penida
UN2149,338741.1196666666,5,PR0403,1,1,1,2,1,0,0,1,0,0,1,0,0,0,1,0,0,0,0,1,0,1,1,1,1,1,0,1,1,4,3,-8.6756032,115.5652538,A0020,Nusa Penida
UN2152,366174.9905166665,10,PR0403,1,1,1,2,1,0,0,1,0,0,1,0,0,0,1,0,0,0,0,1,0,1,1,1,1,1,0,1,1,4,3,-8.6756032,115.5652538,A0020,Nusa Penida
UN2155,1172150.92,6,PR0406,3,2,3,0,1,1,0,1,0,0,1,0,0,0,0,0,1,1,0,0,0,1,0,1,1,1,1,1,0,4,4,,,A0001,Yogyakarta
UN2158,616587.7707034631,11,PR0683,4,,,,1,0,0,1,0,0,1,0,0,0,1,0,0,1,0,1,0,1,1,0,1,1,0,1,1,2,3,,,A0004,Ubud
UN2163,3261068.7869486595,114,PR0409,3,3,3,6,1,0,0,0,0,0,1,0,0,1,1,0,0,1,0,0,0,1,1,1,1,1,0,1,1,1,3,-8.5740741,115.2136803,A0004,Ubud
UN2201,2739248.123268583,82,PR0373,1,1,1,2,1,0,0,0,0,0,1,0,0,0,1,0,1,0,0,1,0,1,1,0,1,0,0,1,1,2,4,,,A0004,Ubud
UN2213,1602576.1837913305,32,PR0417,3,3,3,6,,,,,,,,,,,,,,,,,,,,,,,,,,2,4,-8.807392,115.157375,A0011,Ungasan
UN2230,480713.91020408156,49,PR0419,1,1,1,2,1,0,0,1,0,0,1,0,0,0,1,0,0,0,0,1,0,0,0,0,0,0,0,1,0,4,1,-8.6768119,115.566473,A0020,Nusa Penida
UN2232,424854.1065432098,27,PR0419,1,1,1,2,1,0,0,1,0,0,1,0,0,0,1,0,0,0,0,1,0,0,0,0,0,0,0,1,0,4,1,-8.6768119,115.566473,A0020,Nusa Penida
UN2236,285965.77891604,19,PR0423,1,1,1,2,1,0,0,0,0,0,1,0,0,0,1,0,0,1,0,1,0,1,0,0,1,0,0,1,1,4,1,-8.6385989,115.1438355,A0003,Canggu
UN2237,308692.47990196076,17,PR0419,1,1,1,2,1,0,0,1,0,0,1,1,0,0,1,0,0,0,1,1,1,0,0,0,0,0,0,1,0,4,1,-8.6768119,115.566473,A0020,Nusa Penida
UN2238,325970.187081804,24,PR0423,1,1,1,2,1,0,0,0,0,0,1,0,0,0,1,0,0,1,0,1,0,1,0,0,1,0,0,1,1,4,1,-8.6385989,115.1438355,A0003,Canggu
UN2239,380913.09841855196,17,PR0423,1,1,1,2,1,0,0,0,0,0,1,0,0,0,1,0,0,1,0,1,0,1,0,0,1,0,0,1,1,4,1,-8.6385989,115.1438355,A0003,Canggu
UN2240,318868.8372619047,6,PR0423,1,1,1,2,1,0,0,0,0,0,1,0,0,0,1,0,0,1,0,1,0,1,0,0,1,0,0,1,1,4,1,-8.6385989,115.1438355,A0003,Canggu
UN2243,476370.84167532466,11,PR0423,1,1,1,2,1,0,0,0,0,0,1,0,0,0,1,0,1,1,0,0,0,1,0,0,1,0,0,1,1,4,1,-8.6385989,115.1438355,A0003,Canggu
UN2244,390277.11542410706,16,PR0423,1,1,1,2,1,0,0,0,0,0,1,0,0,0,1,0,0,1,0,0,0,1,0,0,1,0,0,1,1,4,1,-8.6385989,115.1438355,A0003,Canggu
UN2262,1468557.3757883299,221,PR0432,2,3,2,4,1,1,0,1,0,0,1,0,0,1,1,0,0,1,0,0,0,1,1,1,0,1,0,1,1,2,4,-8.837896,115.151689,A0011,Ungasan
UN2266,3073492.4771989402,128,PR0435,4,5,4,9,1,1,0,0,0,1,1,1,0,1,1,0,1,1,1,0,0,1,1,0,1,1,1,1,1,2,4,-8.810648,115.156482,A0011,Ungasan
UN2287,406511.3074134628,77,PR0442,1,1,1,2,1,1,0,0,0,0,1,0,0,1,0,0,0,0,0,1,1,1,1,0,1,0,0,1,1,4,1,-8.652609,115.13751,A0003,Canggu
UN2288,417013.01496910234,121,PR0442,1,1,1,2,1,0,0,0,0,0,1,0,0,1,1,0,1,1,0,1,0,1,1,0,1,0,0,1,1,4,1,-8.652609,115.13751,A0003,Canggu
UN2292,291678.3618181817,11,PR0419,1,1,1,2,1,0,0,1,0,0,1,1,0,0,1,0,0,0,1,1,1,0,0,0,0,0,0,1,0,4,1,-8.6768119,115.566473,A0020,Nusa Penida
UN2293,400773.13638922304,104,PR0442,1,1,1,2,1,0,0,0,0,0,1,0,0,1,0,0,0,1,0,0,0,1,1,0,1,0,0,1,1,4,1,-8.652609,115.13751,A0003,Canggu
UN2298,424949.44012190733,80,PR0442,1,1,1,2,1,0,0,0,0,0,1,0,0,1,0,0,0,1,0,0,0,1,1,0,1,0,0,1,1,4,1,-8.652609,115.13751,A0003,Canggu
UN2301,439195.0939075783,87,PR0442,1,1,1,2,1,0,0,0,0,0,1,0,0,1,1,0,1,1,0,1,0,1,1,0,1,0,0,1,1,4,1,-8.652609,115.13751,A0003,Canggu
UN2312,347474.422421485,14,PR0442,1,1,1,2,1,1,0,0,0,0,1,0,0,1,1,0,0,1,0,1,0,1,1,0,1,0,0,1,1,4,1,-8.652609,115.13751,A0003,Canggu
UN2313,431983.8961206107,106,PR0442,1,1,1,2,1,1,0,0,0,0,1,0,0,1,1,0,0,1,0,1,0,1,1,0,1,0,0,1,1,4,1,-8.652609,115.13751,A0003,Canggu
UN2318,419032.2710699441,81,PR0442,1,1,1,2,1,0,0,0,0,0,1,0,0,1,1,0,0,1,0,1,0,1,1,1,1,0,0,1,1,4,1,-8.652609,115.13751,A0003,Canggu
UN2319,321614.32671425055,11,PR0442,1,1,1,2,1,0,0,0,0,0,1,0,0,1,1,0,1,1,1,1,1,1,1,1,1,0,0,1,1,4,1,-8.652609,115.13751,A0003,Canggu
UN2320,573085.7562649817,247,PR0453,1,1,1,2,1,0,0,0,0,0,1,0,0,0,0,0,0,1,0,1,0,1,1,1,1,1,0,1,0,2,3,-8.50706,115.276521,A0004,Ubud
UN2330,333444.40295887436,66,PR0460,1,1,1,2,0,1,0,1,0,0,1,0,0,1,0,0,1,0,0,1,1,1,0,0,1,1,0,1,1,2,5,-8.4585533,115.2799388,A0004,Ubud
UN2334,337073.53822420625,8,PR0464,1,1,1,2,1,0,0,0,0,0,1,0,0,0,1,0,1,1,1,1,1,1,1,0,1,0,0,1,1,4,3,-8.6488393,115.1329232,A0003,Canggu
UN2335,276003.6511913417,10,PR0464,1,1,1,2,1,0,0,0,0,0,1,0,0,0,1,0,1,1,1,1,1,1,1,0,1,0,0,1,1,4,3,-8.6488393,115.1329232,A0003,Canggu
UN2364,384760.63101770735,117,PR0467,1,1,1,2,,,,,,,,,,,,,,,,,,,,,,,,,,4,1,-8.650003,115.133906,A0003,Canggu
UN2365,363807.57410983706,82,PR0467,1,0,0,,,,,,,,,,,,,,,,,,,,,,,,,,,4,1,-8.650003,115.133906,A0003,Canggu
UN2378,324850.8531239837,82,PR0460,1,1,1,2,0,1,0,1,0,0,1,0,0,1,1,0,1,0,0,1,0,1,0,0,1,1,0,1,1,2,5,-8.4585533,115.2799388,A0004,Ubud
UN2380,1241466.5712387213,38,PR0474,2,3,2,4,1,0,0,0,0,0,1,0,0,0,1,0,0,1,0,0,0,1,1,1,1,1,0,1,1,2,4,-8.655828,115.1417823,A0003,Canggu
UN2386,461988.084868799,221,PR0475,1,1,1,2,1,1,0,0,0,0,1,1,0,1,0,0,0,1,0,1,1,0,1,1,1,0,1,1,1,4,3,-8.8357515,115.1172562,A0002,Uluwatu
UN2389,482398.49784110085,188,PR0475,1,1,1,2,1,1,0,0,0,0,1,1,0,1,0,0,1,1,1,1,1,1,1,1,1,0,0,1,1,4,3,-8.8357515,115.1172562,A0002,Uluwatu
UN2390,460758.54587060236,170,PR0475,1,1,1,2,1,1,0,0,0,0,1,1,0,1,0,0,0,1,0,1,0,0,1,1,1,0,1,1,1,4,3,-8.8357515,115.1172562,A0002,Uluwatu
UN2393,459530.96953161777,180,PR0475,1,1,1,2,1,0,0,0,0,0,1,1,0,1,0,0,0,1,0,1,0,1,1,1,1,0,1,1,1,4,3,-8.8357515,115.1172562,A0002,Uluwatu
UN2394,440342.8132933945,153,PR0475,1,1,1,2,1,0,0,0,0,0,1,1,0,1,0,0,0,1,0,1,0,1,1,1,1,0,1,1,1,4,3,-8.8357515,115.1172562,A0002,Uluwatu
UN2395,425557.3431579121,173,PR0485,1,1,1,2,1,0,0,1,0,0,1,0,1,0,1,0,1,0,0,1,1,1,1,0,1,1,0,1,0,4,4,-8.837085,115.100357,A0002,Uluwatu
UN2396,533590.1228558302,158,PR0485,1,1,1,2,1,0,0,1,0,0,1,1,1,0,1,0,1,0,0,1,1,1,1,0,1,1,0,1,0,4,4,-8.837085,115.100357,A0002,Uluwatu
UN2397,512602.5658193779,153,PR0485,1,1,1,2,1,0,0,1,0,0,1,0,1,0,1,0,0,0,0,1,1,1,1,0,1,1,0,1,0,4,4,-8.837085,115.100357,A0002,Uluwatu
UN2398,504790.0611371442,156,PR0485,1,1,1,2,1,0,0,1,0,0,1,0,1,0,1,0,0,0,0,1,1,1,1,1,1,1,0,1,0,4,4,-8.837085,115.100357,A0002,Uluwatu
UN2399,488479.25615592534,166,PR0485,1,1,1,2,1,0,0,1,0,0,1,0,1,0,1,0,0,0,0,1,1,1,1,0,1,1,0,1,0,4,4,-8.837085,115.100357,A0002,Uluwatu
UN2400,1274893.520608427,176,PR0486,3,3,3,6,1,0,0,0,0,1,1,0,0,0,1,0,1,1,1,0,0,1,1,1,1,1,0,1,1,2,4,-8.50706,115.276521,A0004,Ubud
UN2402,643074.473425558,10,PR0489,2,5,2,6,1,1,0,0,0,0,1,1,0,1,1,0,0,1,0,0,1,1,1,1,1,1,1,1,1,2,3,-8.8083204,115.1562053,A0011,Ungasan
UN2444,1601314.8674595815,92,PR0500,3,5,3,6,1,1,0,0,0,0,1,1,0,1,1,0,1,1,1,0,1,1,1,0,1,1,0,1,1,2,4,-8.830237,115.167079,A0011,Ungasan
UN2446,687210.4587850213,60,PR0245,1,1,1,2,1,1,0,0,0,0,1,1,0,0,1,0,1,0,0,1,1,1,1,1,0,1,0,1,1,4,0,-8.822391,115.0871096,A0002,Uluwatu
UN2447,623316.1529199267,125,PR0245,1,1,1,2,1,0,0,0,0,0,1,0,0,0,1,0,0,0,0,1,0,1,1,1,0,1,0,1,1,4,0,-8.822391,115.0871096,A0002,Uluwatu
UN2448,589620.0868129133,72,PR0245,1,1,1,2,1,0,0,0,0,0,1,0,0,0,1,0,1,0,0,1,0,1,1,1,0,1,0,0,1,4,0,-8.822391,115.0871096,A0002,Uluwatu
UN2449,398967.6514,20,PR0245,1,1,1,2,1,0,0,0,0,0,1,0,0,0,1,0,0,0,0,1,0,1,1,1,0,0,0,1,1,4,0,-8.822391,115.0871096,A0002,Uluwatu
UN2450,486938.5043268397,55,PR0245,1,,,,,,,,,,,,,,,,,,,,,,,,,,,,,4,0,-8.822391,115.0871096,A0002,Uluwatu
UN2451,609702.2499330753,59,PR0245,1,,,,,,,,,,,,,,,,,,,,,,,,,,,,,4,0,-8.822391,115.0871096,A0002,Uluwatu
UN2453,529081.1738727404,72,PR0245,1,,,,,,,,,,,,,,,,,,,,,,,,,,,,,4,0,-8.822391,115.0871096,A0002,Uluwatu
UN2465,238405.50916666666,6,PR0498,1,0,0,,,,,,,,,,,,,,,,,,,,,,,,,,,4,4,-8.6781316,115.567218,A0020,Nusa Penida
UN2490,625546.5433913001,45,PR0512,1,1,1,2,,,,,,,,,,,,,,,,,,,,,,,,,,4,4,-8.4890655,115.2673239,A0004,Ubud
UN2491,534479.8607252892,59,PR0512,1,1,1,2,1,1,0,0,0,0,1,0,0,1,0,0,1,1,1,1,1,1,1,0,1,1,0,1,1,4,4,-8.4890655,115.2673239,A0004,Ubud
UN2492,528153.5651804748,84,PR0512,1,1,1,2,1,0,0,0,0,0,1,0,0,1,0,0,0,1,0,0,0,1,1,0,1,1,0,1,1,4,4,-8.4890655,115.2673239,A0004,Ubud
UN2513,251901.0736954882,5,PR0517,1,1,1,2,,,,,,,,,,,,,,,,,,,,,,,,,,4,1,-8.6444611,115.1350249,A0003,Canggu
UN2515,383955.8513650792,6,PR0517,1,,,,,,,,,,,,,,,,,,,,,,,,,,,,,4,1,-8.6444611,115.1350249,A0003,Canggu
UN2516,375507.7493888889,9,PR0517,1,,,,,,,,,,,,,,,,,,,,,,,,,,,,,4,1,-8.6444611,115.1350249,A0003,Canggu
UN2518,360235.24038967135,71,PR0515,1,1,1,2,1,0,0,1,0,0,1,1,0,0,0,0,1,0,1,1,1,1,1,1,0,1,0,1,1,4,1,-8.6797114,115.4885464,A0020,Nusa Penida
UN2519,402098.049787037,54,PR0515,1,1,1,2,1,0,0,1,0,0,1,1,0,0,0,0,1,0,1,1,1,1,1,1,0,1,0,1,1,4,1,-8.6797114,115.4885464,A0020,Nusa Penida
UN2520,377021.7109655172,58,PR0515,1,1,1,2,,,,,,,,,,,,,,,,,,,,,,,,,,4,1,-8.6797114,115.4885464,A0020,Nusa Penida
UN2521,338158.5039555555,75,PR0515,1,0,0,,,,,,,,,,,,,,,,,,,,,,,,,,,4,1,-8.6797114,115.4885464,A0020,Nusa Penida
UN2522,315869.71512520063,89,PR0515,1,0,0,,,,,,,,,,,,,,,,,,,,,,,,,,,4,1,-8.6797114,115.4885464,A0020,Nusa Penida
UN2532,387036.0083363981,345,PR0519,1,1,1,2,,,,,,,,,,,,,,,,,,,,,,,,,,4,1,-8.837775,115.125437,A0002,Uluwatu
UN2533,391541.80327708664,267,PR0519,1,1,1,2,,,,,,,,,,,,,,,,,,,,,,,,,,4,1,-8.837775,115.125437,A0002,Uluwatu
UN2534,403622.55659727904,224,PR0519,1,1,1,2,,,,,,,,,,,,,,,,,,,,,,,,,,4,1,-8.837775,115.125437,A0002,Uluwatu
UN2535,401416.72369870124,205,PR0519,1,1,1,2,,,,,,,,,,,,,,,,,,,,,,,,,,4,1,-8.837775,115.125437,A0002,Uluwatu
UN2536,400319.06595449935,189,PR0519,1,1,1,2,,,,,,,,,,,,,,,,,,,,,,,,,,4,1,-8.837775,115.125437,A0002,Uluwatu
UN2538,2102234.0297444197,87,PR0529,3,3,3,6,,,,,,,,,,,,,,,,,,,,,,,,,,2,4,-8.818641,115.096877,A0002,Uluwatu
UN2540,2627028.8203720395,187,PR0528,4,4,4,8,,,,,,,,,,,,,,,,,,,,,,,,,,2,3,-8.818902,115.096736,A0002,Uluwatu
UN2545,802356.5703994842,147,PR0518,1,1,1,2,,,,,,,,,,,,,,,,,,,,,,,,,,4,4,-8.811985,115.116903,A0008,Bingin
UN2546,763930.4455041056,161,PR0518,1,1,1,2,,,,,,,,,,,,,,,,,,,,,,,,,,4,4,-8.811985,115.116903,A0008,Bingin
UN2547,498229.65828922734,25,PR0518,1,1,1,,,,,,,,,,,,,,,,,,,,,,,,,,,4,4,-8.811985,115.116903,A0008,Bingin
UN2548,978970.773973432,164,PR0518,1,1,1,,,,,,,,,,,,,,,,,,,,,,,,,,,4,4,-8.811985,115.116903,A0008,Bingin
UN2549,819637.1695851997,149,PR0518,1,1,1,,,,,,,,,,,,,,,,,,,,,,,,,,,4,4,-8.811985,115.116903,A0008,Bingin
UN2566,438784.42773004447,139,PR0554,1,1,1,,,,,,,,,,,,,,,,,,,,,,,,,,,5,3,-8.684567,115.495276,A0020,Nusa Penida
UN2568,1283415.8558333332,9,PR0565,1,1,1,,,,,,,,,,,,,,,,,,,,,,,,,,,2,4,,,A0016,Kuta
UN2583,171022.5590061026,5,PR0592,1,1,1,,,,,,,,,,,,,,,,,,,,,,,,,,,4,1,-8.6261711,115.1421289,A0003,Canggu
UN2590,175928.588112903,5,PR0594,1,1,1,,,,,,,,,,,,,,,,,,,,,,,,,,,4,1,,,A0003,Canggu
UN2593,219073.8106476188,5,PR0594,1,1,1,,,,,,,,,,,,,,,,,,,,,,,,,,,4,1,,,A0003,Canggu
UN2597,485328.49922023807,21,PR0575,1,1,2,,,,,,,,,,,,,,,,,,,,,,,,,,,4,1,-8.651059,115.131027,A0003,Canggu
UN2598,435794.8619999998,5,PR0575,1,1,2,,,,,,,,,,,,,,,,,,,,,,,,,,,4,1,-8.651059,115.131027,A0003,Canggu
UN2599,530179.4654243529,155,PR0575,1,1,1,,,,,,,,,,,,,,,,,,,,,,,,,,,4,1,-8.651059,115.131027,A0003,Canggu
UN2600,253365.94997983132,18,PR0575,1,1,1,,,,,,,,,,,,,,,,,,,,,,,,,,,4,1,-8.651059,115.131027,A0003,Canggu
UN2601,199967.40283604772,15,PR0575,1,1,1,,,,,,,,,,,,,,,,,,,,,,,,,,,4,1,-8.651059,115.131027,A0003,Canggu
UN2602,525018.3338391326,150,PR0575,1,1,1,,,,,,,,,,,,,,,,,,,,,,,,,,,4,1,-8.651059,115.131027,A0003,Canggu
UN2603,526661.7538258742,166,PR0575,1,1,1,,,,,,,,,,,,,,,,,,,,,,,,,,,4,1,-8.651059,115.131027,A0003,Canggu
UN2605,327652.5271375658,9,PR0575,1,1,1,,,,,,,,,,,,,,,,,,,,,,,,,,,4,1,-8.651059,115.131027,A0003,Canggu
UN2606,349310.06007830857,25,PR0593,2,1,2,,,,,,,,,,,,,,,,,,,,,,,,,,,4,1,-8.5050535,115.2810663,A0004,Ubud
UN2607,395533.8427083333,8,PR0593,2,1,2,,,,,,,,,,,,,,,,,,,,,,,,,,,4,1,-8.5050535,115.2810663,A0004,Ubud
UN2613,1052143.9835445466,7,PR0595,2,2,2,,,,,,,,,,,,,,,,,,,,,,,,,,,2,4,-8.5257006,115.2424478,A0004,Ubud
UN2618,2602331.230907262,29,PR0591,3,3,3,,,,,,,,,,,,,,,,,,,,,,,,,,,2,4,-8.7829773,115.1619029,A0010,Jimbaran
UN2619,527866.5677022736,185,PR0597,1,1,1,,,,,,,,,,,,,,,,,,,,,,,,,,,2,3,-8.50706,115.276521,A0004,Ubud
UN2620,468637.2033236051,266,PR0637,1,1,1,,,,,,,,,,,,,,,,,,,,,,,,,,,2,4,-8.640822,115.146263,A0003,Canggu
UN2621,472749.3022717024,273,PR0637,1,1,1,,,,,,,,,,,,,,,,,,,,,,,,,,,2,4,-8.640822,115.146263,A0003,Canggu
UN2629,349374.4115972221,12,PR0635,1,1,1,,,,,,,,,,,,,,,,,,,,,,,,,,,4,1,-8.6364108,115.1203516,A0003,Canggu
UN2630,345999.8502571427,10,PR0635,1,1,1,,,,,,,,,,,,,,,,,,,,,,,,,,,4,1,-8.6364108,115.1203516,A0003,Canggu
UN2631,347537.9881,5,PR0635,1,1,1,,,,,,,,,,,,,,,,,,,,,,,,,,,4,1,-8.6364108,115.1203516,A0003,Canggu
UN2636,362561.98111876816,11,PR0607,1,1,1,,,,,,,,,,,,,,,,,,,,,,,,,,,4,1,-8.6408637,115.158082,A0003,Canggu
UN2637,248175.33083333325,8,PR0607,1,1,1,,,,,,,,,,,,,,,,,,,,,,,,,,,4,1,-8.6408637,115.158082,A0003,Canggu
UN2638,355759.6197378391,15,PR0607,1,1,1,,,,,,,,,,,,,,,,,,,,,,,,,,,4,1,-8.6408637,115.158082,A0003,Canggu
UN2639,334675.2340259413,10,PR0607,1,1,1,,,,,,,,,,,,,,,,,,,,,,,,,,,4,1,-8.6408637,115.158082,A0003,Canggu
UN2640,295888.08683187346,9,PR0607,1,0,0,,,,,,,,,,,,,,,,,,,,,,,,,,,4,1,-8.6408637,115.158082,A0003,Canggu
UN2642,1038497.5545892532,183,PR0603,1,1,1,,,,,,,,,,,,,,,,,,,,,,,,,,,4,1,-8.67949,115.513534,A0020,Nusa Penida
UN2643,1093587.72425,170,PR0603,1,1,1,,,,,,,,,,,,,,,,,,,,,,,,,,,4,1,-8.67949,115.513534,A0020,Nusa Penida
UN2644,1209748.8941017897,149,PR0603,1,1,1,,,,,,,,,,,,,,,,,,,,,,,,,,,4,1,-8.67949,115.513534,A0020,Nusa Penida
UN2645,1238805.660179398,144,PR0603,1,1,1,,,,,,,,,,,,,,,,,,,,,,,,,,,4,1,-8.67949,115.513534,A0020,Nusa Penida
UN2646,216786.6549938553,10,PR0617,1,1,1,,,,,,,,,,,,,,,,,,,,,,,,,,,4,3,-8.8304327,115.1716331,A0011,Ungasan
UN2659,640661.6173887479,197,PR0630,1,1,1,,,,,,,,,,,,,,,,,,,,,,,,,,,4,1,-8.6766739,115.5145451,A0020,Nusa Penida
UN2660,687059.7496450348,164,PR0630,1,1,1,,,,,,,,,,,,,,,,,,,,,,,,,,,4,1,-8.6766739,115.5145451,A0020,Nusa Penida
UN2661,678855.3136011235,178,PR0630,1,1,1,,,,,,,,,,,,,,,,,,,,,,,,,,,4,1,-8.6766739,115.5145451,A0020,Nusa Penida
UN2662,787170.7633030835,122,PR0630,1,1,1,,,,,,,,,,,,,,,,,,,,,,,,,,,4,1,-8.6766739,115.5145451,A0020,Nusa Penida
UN2663,834801.7417042734,195,PR0630,2,1,2,,,,,,,,,,,,,,,,,,,,,,,,,,,4,1,-8.6766739,115.5145451,A0020,Nusa Penida
UN2683,402797.08774928923,31,PR0655,1,1,1,,,,,,,,,,,,,,,,,,,,,,,,,,,4,1,-8.650179,115.133285,A0003,Canggu
UN2684,477513.4708667131,22,PR0655,1,1,1,,,,,,,,,,,,,,,,,,,,,,,,,,,4,1,-8.650179,115.133285,A0003,Canggu
UN2692,251022.54181069584,19,PR0623,1,1,1,,,,,,,,,,,,,,,,,,,,,,,,,,,3,4,-8.6834089,115.1698186,A0015,Seminyak
UN2693,405984.5200218155,71,PR0650,1,1,1,,,,,,,,,,,,,,,,,,,,,,,,,,,4,1,-8.631095,115.151421,A0003,Canggu
UN2694,383250.77051193407,76,PR0650,1,1,1,,,,,,,,,,,,,,,,,,,,,,,,,,,4,1,-8.631095,115.151421,A0003,Canggu
UN2695,425085.00757754646,17,PR0650,1,1,1,,,,,,,,,,,,,,,,,,,,,,,,,,,4,1,-8.631095,115.151421,A0003,Canggu
UN2696,398427.45659819274,78,PR0650,1,1,1,,,,,,,,,,,,,,,,,,,,,,,,,,,4,1,-8.631095,115.151421,A0003,Canggu
UN2698,924696.262,5,PR0659,3,3,5,,,,,,,,,,,,,,,,,,,,,,,,,,,4,1,,,A0001,Yogyakarta
UN2701,1007743.9207954544,22,PR0628,3,3,3,,,,,,,,,,,,,,,,,,,,,,,,,,,1,1,,,A0001,Yogyakarta
UN2702,880091.2602040814,7,PR0673,2,2,3,,,,,,,,,,,,,,,,,,,,,,,,,,,2,4,-8.8287898,115.1605606,A0011,Ungasan
UN2703,1623218.66656344,51,PR0616,3,3,3,,,,,,,,,,,,,,,,,,,,,,,,,,,2,4,-7.7373686,110.3730502,A0042,Sariharjo
UN2706,1061230.068442444,47,PR0681,4,4,6,,,,,,,,,,,,,,,,,,,,,,,,,,,1,4,,,A0001,Yogyakarta
UN2710,297255.4534827585,15,PR0621,1,1,1,,,,,,,,,,,,,,,,,,,,,,,,,,,4,1,,,A0003,Canggu
UN2711,293842.68575249834,9,PR0621,1,1,1,,,,,,,,,,,,,,,,,,,,,,,,,,,4,1,,,A0003,Canggu
UN2712,381214.7182509769,7,PR0621,1,1,1,,,,,,,,,,,,,,,,,,,,,,,,,,,4,1,,,A0003,Canggu
UN2713,370907.4636580994,23,PR0621,1,1,1,,,,,,,,,,,,,,,,,,,,,,,,,,,4,1,,,A0003,Canggu
UN2732,1070054.4285863228,109,PR0678,3,3,3,,,,,,,,,,,,,,,,,,,,,,,,,,,2,4,-8.822613,115.184636,A0035,Kutuh
UN2734,1773279.7434374592,24,PR0644,3,3,3,,,,,,,,,,,,,,,,,,,,,,,,,,,2,4,-8.8310179,115.1432608,A0011,Ungasan
UN2735,904546.5389310009,196,PR0554,1,1,1,,,,,,,,,,,,,,,,,,,,,,,,,,,5,3,-8.684567,115.495276,A0020,Nusa Penida
UN2736,992603.2256212797,160,PR0554,1,1,1,,,,,,,,,,,,,,,,,,,,,,,,,,,5,3,-8.684567,115.495276,A0020,Nusa Penida
UN2737,965136.2391773503,130,PR0554,1,1,1,,,,,,,,,,,,,,,,,,,,,,,,,,,5,3,-8.684567,115.495276,A0020,Nusa Penida
UN2738,614080.0114782607,69,PR0554,1,1,1,,,,,,,,,,,,,,,,,,,,,,,,,,,5,3,-8.684567,115.495276,A0020,Nusa Penida
UN2739,672821.5004885057,58,PR0554,1,1,1,,,,,,,,,,,,,,,,,,,,,,,,,,,5,3,-8.684567,115.495276,A0020,Nusa Penida
UN2740,906182.8487018796,190,PR0554,1,1,1,,,,,,,,,,,,,,,,,,,,,,,,,,,5,3,-8.684567,115.495276,A0020,Nusa Penida
UN2741,940681.7517442593,184,PR0554,1,1,1,,,,,,,,,,,,,,,,,,,,,,,,,,,5,3,-8.684567,115.495276,A0020,Nusa Penida
UN2742,660358.1112525997,116,PR0554,1,1,1,,,,,,,,,,,,,,,,,,,,,,,,,,,5,3,-8.684567,115.495276,A0020,Nusa Penida
UN2747,308776.3896243384,9,PR0160,1,1,1,,,,,,,,,,,,,,,,,,,,,,,,,,,4,0,-8.6509795,115.1367864,A0003,Canggu
UN2748,328852.70707738074,8,PR0160,1,1,1,,,,,,,,,,,,,,,,,,,,,,,,,,,4,0,-8.6509795,115.1367864,A0003,Canggu
UN2749,328852.70707738074,8,PR0160,1,1,1,,,,,,,,,,,,,,,,,,,,,,,,,,,4,0,-8.6509795,115.1367864,A0003,Canggu
UN2750,312591.4821640209,9,PR0160,1,1,1,,,,,,,,,,,,,,,,,,,,,,,,,,,4,0,-8.6509795,115.1367864,A0003,Canggu
UN2751,1075690.266388889,27,PR0553,1,1,1,,,,,,,,,,,,,,,,,,,,,,,,,,,4,1,-8.679173,115.514083,A0020,Nusa Penida
UN2752,1127640.0886,25,PR0553,1,1,1,,,,,,,,,,,,,,,,,,,,,,,,,,,4,1,-8.679173,115.514083,A0020,Nusa Penida
UN2753,1020195.950545977,29,PR0553,1,1,1,,,,,,,,,,,,,,,,,,,,,,,,,,,4,1,-8.679173,115.514083,A0020,Nusa Penida
UN2754,1267889.350952381,21,PR0553,1,1,1,,,,,,,,,,,,,,,,,,,,,,,,,,,4,1,-8.679173,115.514083,A0020,Nusa Penida
UN2755,643189.3925038708,25,PR0691,2,2,3,,,,,,,,,,,,,,,,,,,,,,,,,,,2,1,-8.8090417,115.1135733,A0009,Balangan
UN2756,888776.4730226188,20,PR0692,,,,,,,,,,,,,,,,,,,,,,,,,,,,,,2,4,-8.8194263,115.2079259,A0012,Nusa Dua
UN2757,1197289.3829218012,146,PR0689,,,,,,,,,,,,,,,,,,,,,,,,,,,,,,2,4,-8.835011,115.167597,A0011,Ungasan
UN2759,663951.6581038636,199,PR0694,,,,,,,,,,,,,,,,,,,,,,,,,,,,,,4,1,-8.805774,115.118795,A0008,Bingin
UN2760,1617478.7418079923,241,PR0697,,,,,,,,,,,,,,,,,,,,,,,,,,,,,,2,3,-7.803562,110.361226,A0043,Ngupasan
UN2761,1127682.5424843475,120,PR0695,,,,,,,,,,,,,,,,,,,,,,,,,,,,,,2,1,-8.819788,115.161607,A0011,Ungasan
UN2765,518478.54550691234,6,PR0698,,,,,,,,,,,,,,,,,,,,,,,,,,,,,,4,4,-8.8090417,115.1135733,A0002,Uluwatu
UN2770,705907.1661361814,214,PR0694,,,,,,,,,,,,,,,,,,,,,,,,,,,,,,4,1,-8.805774,115.118795,A0008,Bingin
UN2771,692557.3579415573,171,PR0694,,,,,,,,,,,,,,,,,,,,,,,,,,,,,,4,1,-8.805774,115.118795,A0008,Bingin
UN2772,693184.7706505061,202,PR0694,,,,,,,,,,,,,,,,,,,,,,,,,,,,,,4,1,-8.805774,115.118795,A0008,Bingin
UN2773,690592.5428719519,187,PR0694,,,,,,,,,,,,,,,,,,,,,,,,,,,,,,4,1,-8.805774,115.118795,A0008,Bingin
UN2774,752031.8431956399,157,PR0694,,,,,,,,,,,,,,,,,,,,,,,,,,,,,,4,1,-8.805774,115.118795,A0008,Bingin
UN2779,1856731.3273809524,6,PR0701,,,,,,,,,,,,,,,,,,,,,,,,,,,,,,2,4,-8.6815736,115.5697774,A0020,Nusa Penida
UN2782,1866635.0276186224,56,PR0708,,,,,,,,,,,,,,,,,,,,,,,,,,,,,,2,1,,,A0001,Yogyakarta
UN2784,1664836.8289892473,31,PR0707,,,,,,,,,,,,,,,,,,,,,,,,,,,,,,4,1,,,A0040,Gunungketur
UN2785,1428891.3787472527,195,PR0704,,,,,,,,,,,,,,,,,,,,,,,,,,,,,,2,3,-7.7503381,110.3825226,A0049,Sinduadi
UN2786,1777900.028333136,158,PR0557,,,,,,,,,,,,,,,,,,,,,,,,,,,,,,2,3,-8.8303928,115.1670685,A0011,Ungasan
UN2788,1059970.3542192394,149,PR0720,,,,,,,,,,,,,,,,,,,,,,,,,,,,,,1,4,-7.8631172,110.3737168,A0045,Timbulharjo
UN2789,325000.5410666666,5,PR0593,,,,,,,,,,,,,,,,,,,,,,,,,,,,,,4,1,-8.5050535,115.2810663,A0004,Ubud
UN2790,1267681.8548668865,90,PR0719,,,,,,,,,,,,,,,,,,,,,,,,,,,,,,2,4,-8.8145447,115.1801453,A0011,Ungasan
UN2794,542504.8034936722,259,PR0728,,,,,,,,,,,,,,,,,,,,,,,,,,,,,,2,1,-8.7027063,115.583168,A0020,Nusa Penida
UN2795,533559.1661204193,243,PR0728,,,,,,,,,,,,,,,,,,,,,,,,,,,,,,2,1,-8.7027063,115.583168,A0020,Nusa Penida
UN2797,653638.7274231312,236,PR0731,,,,,,,,,,,,,,,,,,,,,,,,,,,,,,3,4,-7.7583809,110.3813934,A0050,Caturtunggal
UN2799,1158147.6490490194,34,PR0603,,,,,,,,,,,,,,,,,,,,,,,,,,,,,,4,1,-8.67949,115.513534,A0020,Nusa Penida
UN2800,3859635.166715686,34,PR0724,,,,,,,,,,,,,,,,,,,,,,,,,,,,,,2,5,,,A0011,Ungasan
UN2801,1166025.8766396467,89,PR0684,,,,,,,,,,,,,,,,,,,,,,,,,,,,,,2,1,-8.6885221,115.579109,A0020,Nusa Penida
UN2802,1205133.2161735878,86,PR0684,,,,,,,,,,,,,,,,,,,,,,,,,,,,,,2,1,-8.6885221,115.579109,A0020,Nusa Penida
UN2803,1205373.7690805646,86,PR0684,,,,,,,,,,,,,,,,,,,,,,,,,,,,,,2,1,-8.6885221,115.579109,A0020,Nusa Penida
UN2804,1208871.325183087,87,PR0684,,,,,,,,,,,,,,,,,,,,,,,,,,,,,,2,1,-8.6885221,115.579109,A0020,Nusa Penida
UN2805,1222336.8215586734,84,PR0684,,,,,,,,,,,,,,,,,,,,,,,,,,,,,,2,1,-8.6885221,115.579109,A0020,Nusa Penida
UN2806,1188944.7894425641,108,PR0715,,,,,,,,,,,,,,,,,,,,,,,,,,,,,,2,5,-8.8171262,115.1926391,A0012,Nusa Dua
UN2807,963075.4031041665,40,PR0630,,,,,,,,,,,,,,,,,,,,,,,,,,,,,,4,1,-8.6766739,115.5145451,A0020,Nusa Penida
UN2808,573908.8779003831,435,PR0722,,,,,,,,,,,,,,,,,,,,,,,,,,,,,,4,2,-8.2800675,115.3711823,A0027,Kintamani
UN2809,621641.6092258652,366,PR0722,,,,,,,,,,,,,,,,,,,,,,,,,,,,,,4,2,-8.2800675,115.3711823,A0027,Kintamani
UN2810,601002.2317684109,344,PR0722,,,,,,,,,,,,,,,,,,,,,,,,,,,,,,4,2,-8.2800675,115.3711823,A0027,Kintamani
UN2813,349326.19896827586,32,PR0740,,,,,,,,,,,,,,,,,,,,,,,,,,,,,,4,0,,,A0003,Canggu
UN2814,359506.94819460163,26,PR0740,,,,,,,,,,,,,,,,,,,,,,,,,,,,,,4,0,,,A0003,Canggu
UN2815,320662.996888527,35,PR0740,,,,,,,,,,,,,,,,,,,,,,,,,,,,,,4,0,,,A0003,Canggu
UN2816,347777.95056508674,33,PR0740,,,,,,,,,,,,,,,,,,,,,,,,,,,,,,4,0,,,A0003,Canggu
UN2818,363870.98569293227,16,PR0740,,,,,,,,,,,,,,,,,,,,,,,,,,,,,,4,0,,,A0003,Canggu
UN2820,791063.01683362,83,PR0554,,,,,,,,,,,,,,,,,,,,,,,,,,,,,,5,3,-8.684567,115.495276,A0020,Nusa Penida
UN2821,546489.074375,8,PR0734,,,,,,,,,,,,,,,,,,,,,,,,,,,,,,2,3,,,A0001,Yogyakarta
UN2822,544660.6833571427,8,PR0753,,,,,,,,,,,,,,,,,,,,,,,,,,,,,,4,4,,,A0012,Nusa Dua
UN2823,658357.9365454545,11,PR0753,,,,,,,,,,,,,,,,,,,,,,,,,,,,,,4,4,,,A0012,Nusa Dua
UN2841,379258.3308104395,14,PR0753,,,,,,,,,,,,,,,,,,,,,,,,,,,,,,4,4,,,A0012,Nusa Dua
UN2842,293067.47370408155,7,PR0623,,,,,,,,,,,,,,,,,,,,,,,,,,,,,,3,4,-8.6834089,115.1698186,A0015,Seminyak
UN2844,980378.5961447811,33,PR0755,,,,,,,,,,,,,,,,,,,,,,,,,,,,,,2,3,,,A0041,Panembahan
UN2846,2618489.055469473,319,PR0757,,,,,,,,,,,,,,,,,,,,,,,,,,,,,,2,3,-8.4909263,115.4159358,A0028,Karangasem
UN2847,640993.0125986886,161,PR0404,,,,,,,,,,,,,,,,,,,,,,,,,,,,,,4,4,-8.654761,115.13041,A0003,Canggu
UN2848,640824.8318587856,153,PR0404,,,,,,,,,,,,,,,,,,,,,,,,,,,,,,4,4,-8.654761,115.13041,A0003,Canggu
UN2849,598362.1867444423,148,PR0404,,,,,,,,,,,,,,,,,,,,,,,,,,,,,,4,4,-8.654761,115.13041,A0003,Canggu
UN2850,641096.482402823,135,PR0404,,,,,,,,,,,,,,,,,,,,,,,,,,,,,,4,4,-8.654761,115.13041,A0003,Canggu
UN2851,1080942.1306341463,41,PR0758,,,,,,,,,,,,,,,,,,,,,,,,,,,,,,7,4,,,A0001,Yogyakarta
UN2852,683940.1503601118,197,PR0722,,,,,,,,,,,,,,,,,,,,,,,,,,,,,,4,2,-8.2800675,115.3711823,A0027,Kintamani
UN2853,2023633.584945988,146,PR0759,,,,,,,,,,,,,,,,,,,,,,,,,,,,,,2,3,-8.6582245,115.1516672,A0032,Umalas
UN2854,2310087.9355464824,101,PR0759,,,,,,,,,,,,,,,,,,,,,,,,,,,,,,2,3,-8.6582245,115.1516672,A0032,Umalas
UN2855,1732706.6472705943,107,PR0759,,,,,,,,,,,,,,,,,,,,,,,,,,,,,,2,3,-8.6582245,115.1516672,A0032,Umalas
UN2856,1545409.9549397144,81,PR0759,,,,,,,,,,,,,,,,,,,,,,,,,,,,,,2,3,-8.6582245,115.1516672,A0032,Umalas
UN2860,410631.2014285714,7,PR0761,,,,,,,,,,,,,,,,,,,,,,,,,,,,,,4,3,0.0,0.0,A0020,Nusa Penida
UN2863,1174142.9755555554,6,PR0762,,,,,,,,,,,,,,,,,,,,,,,,,,,,,,4,3,,,A0020,Nusa Penida
UN2864,1178567.7947222223,6,PR0762,,,,,,,,,,,,,,,,,,,,,,,,,,,,,,4,3,,,A0020,Nusa Penida
UN2865,1329259.8478666665,5,PR0762,,,,,,,,,,,,,,,,,,,,,,,,,,,,,,4,3,,,A0020,Nusa Penida
UN2866,649543.096372549,17,PR0762,,,,,,,,,,,,,,,,,,,,,,,,,,,,,,4,3,,,A0020,Nusa Penida
UN2867,647092.139735528,95,PR0763,,,,,,,,,,,,,,,,,,,,,,,,,,,,,,2,4,-8.6343758,115.1327061,A0031,Pererenan
UN2868,650038.2049817549,113,PR0763,,,,,,,,,,,,,,,,,,,,,,,,,,,,,,2,4,-8.6343758,115.1327061,A0031,Pererenan
UN2869,647323.4897271943,83,PR0763,,,,,,,,,,,,,,,,,,,,,,,,,,,,,,2,4,-8.6343758,115.1327061,A0031,Pererenan
UN2870,664519.1278593646,90,PR0763,,,,,,,,,,,,,,,,,,,,,,,,,,,,,,2,4,-8.6343758,115.1327061,A0031,Pererenan
UN2871,655813.0680346951,78,PR0763,,,,,,,,,,,,,,,,,,,,,,,,,,,,,,2,4,-8.6343758,115.1327061,A0031,Pererenan
UN2872,1313600.3163071775,274,PR0553,,,,,,,,,,,,,,,,,,,,,,,,,,,,,,4,1,-8.679173,115.514083,A0020,Nusa Penida
UN2883,402323.8114531203,39,PR0423,,,,,,,,,,,,,,,,,,,,,,,,,,,,,,4,1,-8.6385989,115.1438355,A0003,Canggu
UN2884,1137314.424004403,81,PR0765,,,,,,,,,,,,,,,,,,,,,,,,,,,,,,2,4,-8.8252874,115.1528102,A0011,Ungasan
UN2885,2195786.0028125,32,PR0766,,,,,,,,,,,,,,,,,,,,,,,,,,,,,,2,1,,,A0001,Yogyakarta
UN2886,1444318.8388095237,21,PR0293,,,,,,,,,,,,,,,,,,,,,,,,,,,,,,4,0,-7.8064016,110.3657658,A0001,Yogyakarta
UN2887,650147.2311052631,95,PR0722,,,,,,,,,,,,,,,,,,,,,,,,,,,,,,4,2,-8.2800675,115.3711823,A0027,Kintamani
UN2888,1888593.2446005638,101,PR0769,,,,,,,,,,,,,,,,,,,,,,,,,,,,,,2,4,-8.8099965,115.1160201,A0008,Bingin
UN2891,1872344.6306613756,72,PR0768,,,,,,,,,,,,,,,,,,,,,,,,,,,,,,2,1,-8.8080537,115.1207207,A0008,Bingin
UN2892,1324285.0150113378,7,PR0770,,,,,,,,,,,,,,,,,,,,,,,,,,,,,,2,0,,,A0015,Seminyak
UN2894,393338.43828932167,20,PR0771,,,,,,,,,,,,,,,,,,,,,,,,,,,,,,4,1,,,A0003,Canggu
UN2895,432679.8628063725,16,PR0771,,,,,,,,,,,,,,,,,,,,,,,,,,,,,,4,1,,,A0003,Canggu
UN2896,419364.14045925176,9,PR0771,,,,,,,,,,,,,,,,,,,,,,,,,,,,,,4,1,,,A0003,Canggu
UN2897,408796.74464285694,16,PR0771,,,,,,,,,,,,,,,,,,,,,,,,,,,,,,4,1,,,A0003,Canggu
UN2900,363764.6587301585,6,PR0771,,,,,,,,,,,,,,,,,,,,,,,,,,,,,,4,1,,,A0003,Canggu
UN2901,410175.85708812246,15,PR0771,,,,,,,,,,,,,,,,,,,,,,,,,,,,,,4,1,,,A0003,Canggu
UN2902,624550.9495151514,165,PR0371,,,,,,,,,,,,,,,,,,,,,,,,,,,,,,4,1,-8.709399,115.586846,A0020,Nusa Penida
UN2903,684036.6004909688,145,PR0371,,,,,,,,,,,,,,,,,,,,,,,,,,,,,,4,1,-8.709399,115.586846,A0020,Nusa Penida
UN2908,1338538.3940083005,109,PR0774,,,,,,,,,,,,,,,,,,,,,,,,,,,,,,2,3,-8.5961485,115.1215203,A0024,Tabanan
UN2909,1240572.4569217684,7,PR0772,,,,,,,,,,,,,,,,,,,,,,,,,,,,,,2,4,,,A0033,Greece
UN2910,781352.8222619046,10,PR0772,,,,,,,,,,,,,,,,,,,,,,,,,,,,,,2,4,,,A0033,Greece
UN2911,2273566.5171828675,105,PR0769,,,,,,,,,,,,,,,,,,,,,,,,,,,,,,2,4,-8.8099965,115.1160201,A0008,Bingin
UN2912,952487.0994639356,50,PR0776,,,,,,,,,,,,,,,,,,,,,,,,,,,,,,2,1,-8.6310751,115.1515688,A0003,Canggu
UN2913,578239.1726906727,89,PR0575,,,,,,,,,,,,,,,,,,,,,,,,,,,,,,4,1,-8.651059,115.131027,A0003,Canggu
UN2914,995581.4772463768,138,PR0773,,,,,,,,,,,,,,,,,,,,,,,,,,,,,,1,4,-8.2422922,115.1482004,A0025,Singaraja
UN2916,492035.75471830985,142,PR0773,,,,,,,,,,,,,,,,,,,,,,,,,,,,,,1,4,-8.2422922,115.1482004,A0025,Singaraja
UN2917,581814.6531059523,100,PR0773,,,,,,,,,,,,,,,,,,,,,,,,,,,,,,1,4,-8.2422922,115.1482004,A0025,Singaraja
UN2921,2001234.8773904762,175,PR0775,,,,,,,,,,,,,,,,,,,,,,,,,,,,,,2,2,-8.4912128,115.416027,A0028,Karangasem
UN2922,2361631.2043423485,103,PR0769,,,,,,,,,,,,,,,,,,,,,,,,,,,,,,2,4,-8.8099965,115.1160201,A0008,Bingin
UN2924,434898.8898697317,29,PR0198,,,,,,,,,,,,,,,,,,,,,,,,,,,,,,4,4,-8.6552572,115.1296974,A0003,Canggu
UN2925,414538.70798707096,24,PR0198,,,,,,,,,,,,,,,,,,,,,,,,,,,,,,4,4,-8.6552572,115.1296974,A0003,Canggu
UN2928,448925.456096681,11,PR0198,,,,,,,,,,,,,,,,,,,,,,,,,,,,,,4,4,-8.6552572,115.1296974,A0003,Canggu
UN2929,510589.87880952377,28,PR0198,,,,,,,,,,,,,,,,,,,,,,,,,,,,,,4,4,-8.6552572,115.1296974,A0003,Canggu
UN2930,401821.7257109556,11,PR0198,,,,,,,,,,,,,,,,,,,,,,,,,,,,,,4,4,-8.6552572,115.1296974,A0003,Canggu
UN2932,495178.39566872414,36,PR0198,,,,,,,,,,,,,,,,,,,,,,,,,,,,,,4,4,-8.6552572,115.1296974,A0003,Canggu
UN2933,511899.25127976184,24,PR0198,,,,,,,,,,,,,,,,,,,,,,,,,,,,,,4,4,-8.6552572,115.1296974,A0003,Canggu
UN2934,1085507.3214611872,73,PR0777,,,,,,,,,,,,,,,,,,,,,,,,,,,,,,2,4,-8.8310593,115.1511331,A0011,Ungasan
UN2935,1342850.044912892,82,PR0767,,,,,,,,,,,,,,,,,,,,,,,,,,,,,,2,1,-8.8313091,115.1417599,A0011,Ungasan
UN2936,816301.181257703,119,PR0728,,,,,,,,,,,,,,,,,,,,,,,,,,,,,,2,1,-8.7027063,115.583168,A0020,Nusa Penida
UN2937,742988.2742542856,100,PR0781,,,,,,,,,,,,,,,,,,,,,,,,,,,,,,4,1,-8.6736324,115.5533365,A0020,Nusa Penida
UN2938,776887.1849974936,95,PR0781,,,,,,,,,,,,,,,,,,,,,,,,,,,,,,4,1,-8.6736324,115.5533365,A0020,Nusa Penida
UN2939,852164.0533921223,81,PR0781,,,,,,,,,,,,,,,,,,,,,,,,,,,,,,4,1,-8.6736324,115.5533365,A0020,Nusa Penida
UN2940,805920.9089908007,88,PR0781,,,,,,,,,,,,,,,,,,,,,,,,,,,,,,4,1,-8.6736324,115.5533365,A0020,Nusa Penida
UN2943,2006199.6261444443,100,PR0780,,,,,,,,,,,,,,,,,,,,,,,,,,,,,,2,4,-8.6763663,115.1749995,A0052,Kerobokan
UN2944,338678.38288067543,86,PR0782,,,,,,,,,,,,,,,,,,,,,,,,,,,,,,9,2,-8.6923597,115.4467184,A0036,Nusa Ceningan
UN2946,444520.074586479,61,PR0575,,,,,,,,,,,,,,,,,,,,,,,,,,,,,,4,1,-8.651059,115.131027,A0003,Canggu
UN2947,429278.2381001488,52,PR0575,,,,,,,,,,,,,,,,,,,,,,,,,,,,,,4,1,-8.651059,115.131027,A0003,Canggu
UN2948,428541.1364404785,64,PR0575,,,,,,,,,,,,,,,,,,,,,,,,,,,,,,4,1,-8.651059,115.131027,A0003,Canggu
UN2950,458562.7085212798,53,PR0575,,,,,,,,,,,,,,,,,,,,,,,,,,,,,,4,1,-8.651059,115.131027,A0003,Canggu
UN2951,469371.3117395528,49,PR0575,,,,,,,,,,,,,,,,,,,,,,,,,,,,,,4,1,-8.651059,115.131027,A0003,Canggu
UN2952,452864.3151157913,53,PR0575,,,,,,,,,,,,,,,,,,,,,,,,,,,,,,4,1,-8.651059,115.131027,A0003,Canggu
UN2953,469878.0590438419,53,PR0575,,,,,,,,,,,,,,,,,,,,,,,,,,,,,,4,1,-8.651059,115.131027,A0003,Canggu
UN2954,302642.4153673469,105,PR0782,,,,,,,,,,,,,,,,,,,,,,,,,,,,,,9,2,-8.6923597,115.4467184,A0036,Nusa Ceningan
UN2955,365488.4456349206,66,PR0782,,,,,,,,,,,,,,,,,,,,,,,,,,,,,,9,2,-8.6923597,115.4467184,A0036,Nusa Ceningan
UN2956,401925.95646258496,49,PR0782,,,,,,,,,,,,,,,,,,,,,,,,,,,,,,9,2,-8.6923597,115.4467184,A0036,Nusa Ceningan
UN2957,416288.56587301585,42,PR0782,,,,,,,,,,,,,,,,,,,,,,,,,,,,,,9,2,-8.6923597,115.4467184,A0036,Nusa Ceningan
UN2958,503370.8963541666,32,PR0782,,,,,,,,,,,,,,,,,,,,,,,,,,,,,,9,2,-8.6923597,115.4467184,A0036,Nusa Ceningan
UN2959,578118.8076923077,26,PR0782,,,,,,,,,,,,,,,,,,,,,,,,,,,,,,9,2,-8.6923597,115.4467184,A0036,Nusa Ceningan
UN2960,745509.3657407407,18,PR0782,,,,,,,,,,,,,,,,,,,,,,,,,,,,,,9,2,-8.6923597,115.4467184,A0036,Nusa Ceningan
UN2961,602678.5208333333,20,PR0782,,,,,,,,,,,,,,,,,,,,,,,,,,,,,,9,2,-8.6923597,115.4467184,A0036,Nusa Ceningan
UN2966,858039.8081349205,62,PR0778,,,,,,,,,,,,,,,,,,,,,,,,,,,,,,2,4,-8.8227194,115.1845265,A0035,Kutuh
UN2967,360759.8224242424,55,PR0782,,,,,,,,,,,,,,,,,,,,,,,,,,,,,,9,2,-8.6923597,115.4467184,A0036,Nusa Ceningan
UN2968,263913.5654654654,111,PR0782,,,,,,,,,,,,,,,,,,,,,,,,,,,,,,9,2,-8.6923597,115.4467184,A0036,Nusa Ceningan
UN2969,299103.3063592524,79,PR0782,,,,,,,,,,,,,,,,,,,,,,,,,,,,,,9,2,-8.6923597,115.4467184,A0036,Nusa Ceningan
UN2970,293752.9828571428,70,PR0782,,,,,,,,,,,,,,,,,,,,,,,,,,,,,,9,2,-8.6923597,115.4467184,A0036,Nusa Ceningan
UN2971,308653.1639880952,56,PR0782,,,,,,,,,,,,,,,,,,,,,,,,,,,,,,9,2,-8.6923597,115.4467184,A0036,Nusa Ceningan
UN2972,390237.87391304335,46,PR0782,,,,,,,,,,,,,,,,,,,,,,,,,,,,,,9,2,-8.6923597,115.4467184,A0036,Nusa Ceningan
UN2973,414594.1806306306,37,PR0782,,,,,,,,,,,,,,,,,,,,,,,,,,,,,,9,2,-8.6923597,115.4467184,A0036,Nusa Ceningan
UN2974,511266.8888888889,27,PR0782,,,,,,,,,,,,,,,,,,,,,,,,,,,,,,9,2,-8.6923597,115.4467184,A0036,Nusa Ceningan
UN2975,598606.1916666667,20,PR0782,,,,,,,,,,,,,,,,,,,,,,,,,,,,,,9,2,-8.6923597,115.4467184,A0036,Nusa Ceningan
UN2976,658789.7878787877,11,PR0782,,,,,,,,,,,,,,,,,,,,,,,,,,,,,,9,2,-8.6923597,115.4467184,A0036,Nusa Ceningan
UN2977,653841.4388888889,15,PR0782,,,,,,,,,,,,,,,,,,,,,,,,,,,,,,9,2,-8.6923597,115.4467184,A0036,Nusa Ceningan
UN2978,593259.1785714285,14,PR0782,,,,,,,,,,,,,,,,,,,,,,,,,,,,,,9,2,-8.6923597,115.4467184,A0036,Nusa Ceningan
UN2979,737166.5407407407,9,PR0782,,,,,,,,,,,,,,,,,,,,,,,,,,,,,,9,2,-8.6923597,115.4467184,A0036,Nusa Ceningan
UN2980,839799.625,8,PR0782,,,,,,,,,,,,,,,,,,,,,,,,,,,,,,9,2,-8.6923597,115.4467184,A0036,Nusa Ceningan
UN2981,1111297.0,5,PR0782,,,,,,,,,,,,,,,,,,,,,,,,,,,,,,9,2,-8.6923597,115.4467184,A0036,Nusa Ceningan
UN2982,1092151.4166666667,6,PR0782,,,,,,,,,,,,,,,,,,,,,,,,,,,,,,9,2,-8.6923597,115.4467184,A0036,Nusa Ceningan
UN2983,1002518.0,5,PR0782,,,,,,,,,,,,,,,,,,,,,,,,,,,,,,9,2,-8.6923597,115.4467184,A0036,Nusa Ceningan
UN2984,1038539.2,5,PR0782,,,,,,,,,,,,,,,,,,,,,,,,,,,,,,9,2,-8.6923597,115.4467184,A0036,Nusa Ceningan
UN2986,597354.6,5,PR0782,,,,,,,,,,,,,,,,,,,,,,,,,,,,,,9,2,-8.6923597,115.4467184,A0036,Nusa Ceningan
UN2987,771943.6666666666,6,PR0782,,,,,,,,,,,,,,,,,,,,,,,,,,,,,,9,2,-8.6923597,115.4467184,A0036,Nusa Ceningan
UN2988,9677794.598070174,19,PR0784,,,,,,,,,,,,,,,,,,,,,,,,,,,,,,2,5,,,A0009,Balangan
UN2990,1541977.8293275416,74,PR0788,,,,,,,,,,,,,,,,,,,,,,,,,,,,,,2,4,-8.5070296,115.2765821,A0004,Ubud
UN2991,640194.943162393,78,PR0789,,,,,,,,,,,,,,,,,,,,,,,,,,,,,,4,1,-8.8352064,115.1199165,A0002,Uluwatu
UN2992,644210.2934193398,82,PR0789,,,,,,,,,,,,,,,,,,,,,,,,,,,,,,4,1,-8.8352064,115.1199165,A0002,Uluwatu
UN2993,640756.852904475,83,PR0789,,,,,,,,,,,,,,,,,,,,,,,,,,,,,,4,1,-8.8352064,115.1199165,A0002,Uluwatu
UN2994,635106.6595599235,71,PR0789,,,,,,,,,,,,,,,,,,,,,,,,,,,,,,4,1,-8.8352064,115.1199165,A0002,Uluwatu
UN2995,1074400.2738304092,76,PR0787,,,,,,,,,,,,,,,,,,,,,,,,,,,,,,2,1,-8.8368695,115.1514266,A0011,Ungasan
UN2996,3078173.224183006,68,PR0779,4,3,4,,,,,,,,,,,,,,,,,,,,,,,,,,,2,5,-8.8077197,115.1204686,A0008,Bingin
UN2997,1864054.7024860852,70,PR0786,4,,,,,,,,,,,,,,,,,,,,,,,,,,,,,2,4,-8.8080918,115.1208416,A0037,Pecatu
UN3001,493261.6851851851,9,PR0782,,,,,,,,,,,,,,,,,,,,,,,,,,,,,,9,2,-8.6923597,115.4467184,A0036,Nusa Ceningan
UN3006,776321.1928907715,24,PR0791,,,,,,,,,,,,,,,,,,,,,,,,,,,,,,4,4,-8.6236025,115.1409168,A0029,Mengwi
UN3007,777447.67593958,30,PR0791,,,,,,,,,,,,,,,,,,,,,,,,,,,,,,4,4,-8.6236025,115.1409168,A0029,Mengwi
UN3008,747940.4183728758,32,PR0791,,,,,,,,,,,,,,,,,,,,,,,,,,,,,,4,4,-8.6236025,115.1409168,A0029,Mengwi
UN3009,779655.7814373843,30,PR0791,,,,,,,,,,,,,,,,,,,,,,,,,,,,,,4,4,-8.6236025,115.1409168,A0029,Mengwi
UN3010,532348.4943929806,44,PR0791,,,,,,,,,,,,,,,,,,,,,,,,,,,,,,4,4,-8.6236025,115.1409168,A0029,Mengwi
UN3011,522197.22240858537,38,PR0791,,,,,,,,,,,,,,,,,,,,,,,,,,,,,,4,4,-8.6236025,115.1409168,A0029,Mengwi
UN3012,522500.88013983367,42,PR0791,,,,,,,,,,,,,,,,,,,,,,,,,,,,,,4,4,-8.6236025,115.1409168,A0029,Mengwi
UN3013,516254.36668325996,31,PR0791,,,,,,,,,,,,,,,,,,,,,,,,,,,,,,4,4,-8.6236025,115.1409168,A0029,Mengwi
UN3014,501548.48747288866,34,PR0791,,,,,,,,,,,,,,,,,,,,,,,,,,,,,,4,4,-8.6236025,115.1409168,A0029,Mengwi
UN3015,521309.41036159766,37,PR0791,,,,,,,,,,,,,,,,,,,,,,,,,,,,,,4,4,-8.6236025,115.1409168,A0029,Mengwi
UN3016,1827700.392111111,5,PR0795,,,,,,,,,,,,,,,,,,,,,,,,,,,,,,2,4,,,A0032,Umalas
UN3017,922564.6871794871,13,PR0794,,,,,,,,,,,,,,,,,,,,,,,,,,,,,,2,4,,,A0032,Umalas
UN3019,1320091.2781609194,29,PR0790,,,,,,,,,,,,,,,,,,,,,,,,,,,,,,2,4,,,A0003,Canggu
UN3020,3444395.61953405,62,PR0793,,,,,,,,,,,,,,,,,,,,,,,,,,,,,,2,3,-8.8095938,115.1139568,A0008,Bingin
UN3022,760007.9201403493,21,PR0792,,,,,,,,,,,,,,,,,,,,,,,,,,,,,,4,2,-8.8226418,115.117336,A0002,Uluwatu
UN3023,389789.3854461297,49,PR0442,,,,,,,,,,,,,,,,,,,,,,,,,,,,,,4,1,-8.652609,115.13751,A0003,Canggu
UN3024,420037.25139944686,36,PR0442,,,,,,,,,,,,,,,,,,,,,,,,,,,,,,4,1,-8.652609,115.13751,A0003,Canggu
UN3025,408916.49490837095,37,PR0442,,,,,,,,,,,,,,,,,,,,,,,,,,,,,,4,1,-8.652609,115.13751,A0003,Canggu
UN3026,1082656.8435315976,28,PR0792,,,,,,,,,,,,,,,,,,,,,,,,,,,,,,4,2,-8.8226418,115.117336,A0002,Uluwatu
UN3027,944932.8125494387,38,PR0797,,,,,,,,,,,,,,,,,,,,,,,,,,,,,,2,1,-8.8085281,115.2022116,A0012,Nusa Dua
UN3028,710707.1439287319,18,PR0792,,,,,,,,,,,,,,,,,,,,,,,,,,,,,,4,2,-8.8226418,115.117336,A0002,Uluwatu
UN3029,750891.2004773406,69,PR0802,,,,,,,,,,,,,,,,,,,,,,,,,,,,,,2,4,-8.8371728,115.1297904,A0037,Pecatu
UN3030,532130.9817947531,22,PR0575,,,,,,,,,,,,,,,,,,,,,,,,,,,,,,4,1,-8.651059,115.131027,A0003,Canggu
UN3031,671688.9590029761,32,PR0792,,,,,,,,,,,,,,,,,,,,,,,,,,,,,,4,2,-8.8226418,115.117336,A0002,Uluwatu
UN3032,682585.0416109252,46,PR0806,,,,,,,,,,,,,,,,,,,,,,,,,,,,,,2,4,-8.8372167,115.1298662,A0037,Pecatu
UN3034,1003636.2051282051,13,PR0554,,,,,,,,,,,,,,,,,,,,,,,,,,,,,,5,3,-8.684567,115.495276,A0020,Nusa Penida
UN3035,753560.6378048781,41,PR0554,,,,,,,,,,,,,,,,,,,,,,,,,,,,,,5,3,-8.684567,115.495276,A0020,Nusa Penida
UN3036,754283.7115384615,26,PR0554,,,,,,,,,,,,,,,,,,,,,,,,,,,,,,5,3,-8.684567,115.495276,A0020,Nusa Penida
UN3037,1404945.753409091,44,PR0417,,,,,,,,,,,,,,,,,,,,,,,,,,,,,,2,4,-8.807392,115.157375,A0011,Ungasan
UN3038,2030423.2349972152,57,PR0803,,,,,,,,,,,,,,,,,,,,,,,,,,,,,,2,4,-8.8156606,115.1214922,A0008,Bingin
UN3039,323883.75934065925,26,PR0554,,,,,,,,,,,,,,,,,,,,,,,,,,,,,,5,3,-8.684567,115.495276,A0020,Nusa Penida
UN3040,723095.2236163218,45,PR0088,,,,,,,,,,,,,,,,,,,,,,,,,,,,,,2,0,-8.8054876,115.1137161,A0008,Bingin
UN3044,721733.4088482686,27,PR0813,,,,,,,,,,,,,,,,,,,,,,,,,,,,,,4,1,-8.6234373,115.1528724,A0003,Canggu
UN3045,676469.7467519459,32,PR0813,,,,,,,,,,,,,,,,,,,,,,,,,,,,,,4,1,-8.6234373,115.1528724,A0003,Canggu
UN3046,683253.2730472358,30,PR0813,,,,,,,,,,,,,,,,,,,,,,,,,,,,,,4,1,-8.6234373,115.1528724,A0003,Canggu
UN3047,756544.348199023,24,PR0813,,,,,,,,,,,,,,,,,,,,,,,,,,,,,,4,1,-8.6234373,115.1528724,A0003,Canggu
UN3048,739293.5439108138,25,PR0813,,,,,,,,,,,,,,,,,,,,,,,,,,,,,,4,1,-8.6234373,115.1528724,A0003,Canggu
UN3049,1180136.4210723303,24,PR0809,,,,,,,,,,,,,,,,,,,,,,,,,,,,,,4,3,-8.820657,115.0981051,A0002,Uluwatu
UN3050,709137.2141568459,47,PR0809,,,,,,,,,,,,,,,,,,,,,,,,,,,,,,4,3,-8.820657,115.0981051,A0002,Uluwatu
UN3051,665198.4601586035,33,PR0809,,,,,,,,,,,,,,,,,,,,,,,,,,,,,,4,3,-8.820657,115.0981051,A0002,Uluwatu
UN3052,2420538.179379252,28,PR0801,,,,,,,,,,,,,,,,,,,,,,,,,,,,,,2,4,-8.6632781,115.1453306,A0003,Canggu
UN3053,1963385.8734848483,26,PR0824,,,,,,,,,,,,,,,,,,,,,,,,,,,,,,2,1,-8.689944,115.1666776,A0015,Seminyak
UN3054,933072.1984496122,43,PR0829,,,,,,,,,,,,,,,,,,,,,,,,,,,,,,2,1,-8.5068575,115.2408338,A0004,Ubud
UN3055,633966.561195542,47,PR0829,,,,,,,,,,,,,,,,,,,,,,,,,,,,,,2,1,-8.5068575,115.2408338,A0004,Ubud
UN3056,456818.5766097561,41,PR0827,,,,,,,,,,,,,,,,,,,,,,,,,,,,,,4,3,-8.2800442,115.3830628,A0027,Kintamani
UN3057,549495.3928869048,28,PR0827,,,,,,,,,,,,,,,,,,,,,,,,,,,,,,4,3,-8.2800442,115.3830628,A0027,Kintamani
UN3058,777017.9885714286,14,PR0827,,,,,,,,,,,,,,,,,,,,,,,,,,,,,,4,3,-8.2800442,115.3830628,A0027,Kintamani
UN3059,710458.5408333334,12,PR0827,,,,,,,,,,,,,,,,,,,,,,,,,,,,,,4,3,-8.2800442,115.3830628,A0027,Kintamani
UN3060,474678.31125,8,PR0827,,,,,,,,,,,,,,,,,,,,,,,,,,,,,,4,3,-8.2800442,115.3830628,A0027,Kintamani
UN3061,390412.2366666667,6,PR0827,,,,,,,,,,,,,,,,,,,,,,,,,,,,,,4,3,-8.2800442,115.3830628,A0027,Kintamani
UN3067,1454027.2555555555,42,PR0830,,,,,,,,,,,,,,,,,,,,,,,,,,,,,,2,4,-8.8180574,115.0963107,A0002,Uluwatu
UN3068,939299.4861874236,36,PR0810,,,,,,,,,,,,,,,,,,,,,,,,,,,,,,4,1,-8.8313289,115.1669471,A0011,Ungasan
UN3070,1042827.24691358,27,PR0810,,,,,,,,,,,,,,,,,,,,,,,,,,,,,,4,1,-8.8313289,115.1669471,A0011,Ungasan
UN3071,1001282.3945468508,31,PR0810,,,,,,,,,,,,,,,,,,,,,,,,,,,,,,4,1,-8.8313289,115.1669471,A0011,Ungasan
UN3072,698962.6408369407,33,PR0694,,,,,,,,,,,,,,,,,,,,,,,,,,,,,,4,1,-8.805774,115.118795,A0008,Bingin
UN3073,577295.7113412449,22,PR0694,,,,,,,,,,,,,,,,,,,,,,,,,,,,,,4,1,-8.805774,115.118795,A0008,Bingin
UN3074,1902640.6953231292,28,PR0840,,,,,,,,,,,,,,,,,,,,,,,,,,,,,,2,4,,,A0008,Bingin
UN3075,710451.8020634919,15,PR0838,,,,,,,,,,,,,,,,,,,,,,,,,,,,,,2,4,,,A0037,Pecatu
UN3076,643271.069387755,21,PR0838,,,,,,,,,,,,,,,,,,,,,,,,,,,,,,2,4,,,A0037,Pecatu
UN3077,650513.7280394523,18,PR0838,,,,,,,,,,,,,,,,,,,,,,,,,,,,,,2,4,,,A0037,Pecatu
UN3078,699319.6910934742,15,PR0838,,,,,,,,,,,,,,,,,,,,,,,,,,,,,,2,4,,,A0037,Pecatu
UN3079,631019.5048701297,22,PR0838,,,,,,,,,,,,,,,,,,,,,,,,,,,,,,2,4,,,A0037,Pecatu
UN3080,1577572.4186772485,45,PR0847,,,,,,,,,,,,,,,,,,,,,,,,,,,,,,2,4,-8.8180574,115.0963107,A0002,Uluwatu
UN3081,1498709.0166666666,10,PR0851,,,,,,,,,,,,,,,,,,,,,,,,,,,,,,2,1,,,A0011,Ungasan
UN3082,296931.3816666666,20,PR0837,,,,,,,,,,,,,,,,,,,,,,,,,,,,,,4,1,,,A0022,Sanur
UN3083,371527.680657748,13,PR0837,,,,,,,,,,,,,,,,,,,,,,,,,,,,,,4,1,,,A0022,Sanur
UN3084,335039.1625,24,PR0837,,,,,,,,,,,,,,,,,,,,,,,,,,,,,,4,1,,,A0022,Sanur
UN3085,361411.3260869565,14,PR0837,,,,,,,,,,,,,,,,,,,,,,,,,,,,,,4,1,,,A0022,Sanur
UN3086,359480.2433333333,20,PR0837,,,,,,,,,,,,,,,,,,,,,,,,,,,,,,4,1,,,A0022,Sanur
UN3087,1673334.7007575757,11,PR0834,,,,,,,,,,,,,,,,,,,,,,,,,,,,,,2,3,,,A0031,Pererenan
UN3088,1999502.6805555555,6,PR0852,,,,,,,,,,,,,,,,,,,,,,,,,,,,,,2,4,,,A0003,Canggu
UN3089,2702959.5919871796,26,PR0805,,,,,,,,,,,,,,,,,,,,,,,,,,,,,,2,5,-8.6763302,115.174996,A0052,Kerobokan
UN3090,2702959.5919871796,26,PR0805,,,,,,,,,,,,,,,,,,,,,,,,,,,,,,2,5,-8.6763302,115.174996,A0052,Kerobokan
UN3091,2702959.5919871796,26,PR0805,,,,,,,,,,,,,,,,,,,,,,,,,,,,,,2,5,-8.6763302,115.174996,A0052,Kerobokan
UN3092,318629.9371428568,5,PR0861,,,,,,,,,,,,,,,,,,,,,,,,,,,,,,4,1,,,A0003,Canggu
UN3096,317582.96190476173,7,PR0861,,,,,,,,,,,,,,,,,,,,,,,,,,,,,,4,1,,,A0003,Canggu
UN3097,308517.71645021613,7,PR0861,,,,,,,,,,,,,,,,,,,,,,,,,,,,,,4,1,,,A0003,Canggu
UN3098,964641.1333333333,12,PR0188,,,,,,,,,,,,,,,,,,,,,,,,,,,,,,4,3,-8.8284397,115.0879669,A0002,Uluwatu
UN3099,2490221.1238095234,5,PR0864,,,,,,,,,,,,,,,,,,,,,,,,,,,,,,2,4,,,A0011,Ungasan
UN3100,1758060.7499999998,8,PR0864,,,,,,,,,,,,,,,,,,,,,,,,,,,,,,2,4,,,A0011,Ungasan
UN3101,1799272.1354166665,8,PR0864,,,,,,,,,,,,,,,,,,,,,,,,,,,,,,2,4,,,A0011,Ungasan
UN3103,1723947.4033333333,10,PR0858,,,,,,,,,,,,,,,,,,,,,,,,,,,,,,2,4,,,A0008,Bingin
